bird,t0,month,sunspot,xray_flux,mass_kg,perigee_km,inclination_deg,tte
goes 4,1983-05-23,5,136,2.791855020833333e-06,836,35951.0,7.76,144.0
goes 4,1987-05-05,5,28,1.0991218333333337e-07,836,35951.0,7.76,346.0
goes 4,1988-04-15,4,179,1.4879809930555556e-06,836,35951.0,7.76,15.0
goes 4,1988-04-30,4,58,3.155602847222222e-07,836,35951.0,7.76,104.0
goes 5,1983-06-16,6,121,1.2190898361823362e-06,836,35780.0,9.18,70.0
goes 5,1983-08-25,8,70,2.938407670850767e-07,836,35780.0,9.18,1.0
goes 5,1983-08-26,8,71,2.735833862815885e-07,836,35780.0,9.18,128.0
goes 5,1984-01-01,1,13,1.3397173699015473e-07,836,35780.0,9.18,89.0
goes 5,1984-03-30,3,150,1.0937419222614842e-06,836,35780.0,9.18,3.0
goes 5,1984-04-02,4,122,1.6423271458333335e-06,836,35780.0,9.18,1.0
goes 5,1984-04-03,4,114,7.571876361639825e-07,836,35780.0,9.18,23.0
goes 5,1984-04-26,4,161,2.8948264652777777e-06,836,35780.0,9.18,66.0
goes 5,1984-07-01,7,49,2.792484e-07,836,35780.0,9.18,8.0
goes 5,1984-07-09,7,94,1.2377924062968516e-06,836,35780.0,9.18,13.0
goes 5,1984-07-22,7,33,1.2478548680555557e-07,836,35780.0,9.18,8.0
goes 5,1984-07-30,7,24,1.1941933143759874e-06,836,35780.0,9.18,236.0
goes 5,1985-03-23,3,22,3.8862674375e-07,836,35780.0,9.18,20.0
goes 5,1985-04-12,4,0,3.5164448554913295e-07,836,35780.0,9.18,55.0
goes 5,1985-06-06,6,43,2.132742695783133e-07,836,35780.0,9.18,96.0
goes 5,1985-09-10,9,0,8.918263762517883e-07,836,35780.0,9.18,34.0
goes 5,1985-10-14,10,15,3.181823895833333e-07,836,35780.0,9.18,269.0
goes 5,1986-07-10,7,36,1.0714965646731573e-07,836,35780.0,9.18,66.0
goes 5,1986-09-14,9,0,2.4329095902777775e-07,836,35780.0,9.18,158.0
goes 5,1987-10-05,10,56,1.494942148696265e-06,836,35780.0,9.18,11.0
goes 5,1987-10-16,10,106,6.320379780541332e-07,836,35780.0,9.18,107.0
goes 6,1984-07-07,7,95,2.4392584027777777e-07,836,35773.0,10.03,12.0
goes 6,1984-07-19,7,33,7.71697808320951e-08,836,35773.0,10.03,47.0
goes 6,1984-09-04,9,84,4.257340173611111e-07,836,35773.0,10.03,205.0
goes 6,1985-03-28,3,35,2.945867447844228e-07,836,35773.0,10.03,166.0
goes 6,1985-09-10,9,0,8.918263762517883e-07,836,35773.0,10.03,15.0
goes 6,1985-09-25,9,0,3.795129930555556e-07,836,35773.0,10.03,173.0
goes 6,1986-03-17,3,0,3.221818243055556e-07,836,35773.0,10.03,100.0
goes 6,1986-06-25,6,4,1.0002861111111113e-08,836,35773.0,10.03,53.0
goes 6,1986-08-17,8,11,1.0004543055555557e-08,836,35773.0,10.03,41.0
goes 6,1986-09-27,9,0,4.085346305555557e-07,836,35773.0,10.03,11.0
goes 6,1986-10-08,10,23,3.803094424588993e-07,836,35773.0,10.03,59.0
goes 6,1986-12-06,12,0,1.0002715972222222e-08,836,35773.0,10.03,144.0
goes 6,1987-04-29,4,23,1.9140622002820882e-08,836,35773.0,10.03,15.0
goes 6,1987-05-14,5,15,2.3774819095477386e-07,836,35773.0,10.03,41.0
goes 6,1987-06-24,6,41,1.4244241139680334e-07,836,35773.0,10.03,70.0
goes 6,1987-09-02,9,47,3.640610555555556e-07,836,35773.0,10.03,10.0
goes 6,1987-09-12,9,55,3.838969722222223e-07,836,35773.0,10.03,2.0
goes 6,1987-09-14,9,25,1.375259537979094e-06,836,35773.0,10.03,2.0
goes 6,1987-09-16,9,30,2.85721469075747e-07,836,35773.0,10.03,2.0
goes 6,1987-09-18,9,37,2.309770048985305e-07,836,35773.0,10.03,7.0
goes 6,1987-09-25,9,15,2.379096694444445e-07,836,35773.0,10.03,10.0
goes 6,1987-10-05,10,56,1.494942148696265e-06,836,35773.0,10.03,22.0
goes 6,1987-10-27,10,73,3.692299163179916e-07,836,35773.0,10.03,1.0
goes 6,1987-10-28,10,83,5.361375978511128e-07,836,35773.0,10.03,4.0
goes 6,1987-11-01,11,69,1.9832915081272085e-05,836,35773.0,10.03,10.0
goes 6,1987-11-11,11,34,2.825985972222222e-07,836,35773.0,10.03,97.0
goes 6,1988-03-04,3,92,3.511067906810036e-07,836,35773.0,10.03,5.0
goes 6,1988-03-09,3,59,3.176678023076923e-07,836,35773.0,10.03,23.0
goes 6,1988-04-01,4,136,6.31820608943863e-07,836,35773.0,10.03,18.0
goes 6,1988-04-19,4,133,1.2628804529616723e-06,836,35773.0,10.03,89.0
goes 6,1988-07-17,7,143,8.485175089477452e-07,836,35773.0,10.03,127.0
goes 6,1988-11-21,11,182,3.607517131944445e-06,836,35773.0,10.03,61.0
goes 6,1989-01-21,1,149,5.332812569444444e-06,836,35773.0,10.03,24.0
goes 6,1989-08-05,8,312,3.855192947813822e-06,836,35773.0,10.03,23.0
goes 6,1989-08-28,8,69,3.9683142049469964e-06,836,35773.0,10.03,1.0
goes 6,1989-08-29,8,96,7.10128371040724e-06,836,35773.0,10.03,32.0
goes 6,1989-09-30,9,191,3.0225579285714287e-06,836,35773.0,10.03,19.0
goes 6,1989-10-19,10,212,6.172549025270758e-05,836,35773.0,10.03,1.0
goes 6,1989-10-20,10,186,4.312703028009084e-06,836,35773.0,10.03,3.0
goes 6,1989-10-23,10,193,7.144123127413127e-06,836,35773.0,10.03,2.0
goes 6,1989-10-25,10,161,5.921697766570606e-06,836,35773.0,10.03,1.0
goes 6,1990-11-19,11,148,2.579057096296297e-06,836,35773.0,10.03,125.0
goes 6,1991-03-24,3,214,5.946147058823529e-06,836,35773.0,10.03,73.0
goes 6,1991-06-05,6,238,3.322159375e-06,836,35773.0,10.03,6.0
goes 6,1991-06-11,6,331,3.156131315417256e-05,836,35773.0,10.03,56.0
goes 6,1991-08-06,8,162,1.7286005310971347e-06,836,35773.0,10.03,43.0
goes 6,1991-09-18,9,136,1.715726879219805e-06,836,35773.0,10.03,281.0
goes 6,1992-06-25,6,97,1.788095983629893e-05,836,35773.0,10.03,3.0
goes 6,1992-06-28,6,65,1.1218315194444445e-05,836,35773.0,10.03,239.0
goes 6,1993-03-16,3,82,1.870740526315789e-06,836,35773.0,10.03,130.0
goes 6,1993-07-24,7,92,2.0984821865443426e-07,836,35773.0,10.03,12.0
goes 6,1993-08-05,8,40,2.262973541666667e-07,836,35773.0,10.03,176.0
gps 5113,1984-10-30,10,12,1.43148e-08,759,20546.0,62.86,45.0
gps 5113,1984-12-14,12,32,5.267566691900077e-08,759,20546.0,62.86,31.0
gps 5113,1985-01-14,1,28,8.510299930555558e-08,759,20546.0,62.86,5.0
gps 5113,1985-01-19,1,29,1.0867748472222227e-07,759,20546.0,62.86,4.0
gps 5113,1985-01-23,1,42,8.318396911764705e-07,759,20546.0,62.86,7.0
gps 5113,1985-01-30,1,0,1.1966278472222225e-08,759,20546.0,62.86,3.0
gps 5113,1985-04-14,4,13,1.7234590972222223e-08,759,20546.0,62.86,13.0
gps 5113,1985-04-27,4,39,3.688630090340514e-07,759,20546.0,62.86,47.0
gps 5113,1985-06-13,6,53,9.629167500000001e-08,759,20546.0,62.86,1.0
gps 5113,1985-06-14,6,42,8.185392340126494e-08,759,20546.0,62.86,2.0
gps 5113,1985-06-16,6,32,8.789022253521129e-08,759,20546.0,62.86,5.0
gps 5113,1985-06-21,6,11,1.4815792226148412e-08,759,20546.0,62.86,18.0
gps 5113,1985-07-09,7,107,2.1678910903873745e-06,759,20546.0,62.86,1.0
gps 5113,1985-07-10,7,107,7.106487361111111e-07,759,20546.0,62.86,2.0
gps 5113,1985-07-12,7,59,5.738939116465864e-07,759,20546.0,62.86,9.0
gps 5113,1985-07-21,7,13,1.5802737394957982e-08,759,20546.0,62.86,2.0
gps 5113,1985-07-23,7,23,8.712366611111112e-07,759,20546.0,62.86,4.0
gps 5113,1985-07-27,7,16,1.0180169203910614e-07,759,20546.0,62.86,12.0
gps 5113,1985-08-08,8,11,5.377622142857143e-08,759,20546.0,62.86,35.0
gps 5113,1985-09-12,9,0,3.5508292286309935e-07,759,20546.0,62.86,39.0
gps 5113,1985-10-21,10,59,1.4083632855093257e-07,759,20546.0,62.86,5.0
gps 5113,1985-10-26,10,47,5.357173379790941e-07,759,20546.0,62.86,95.0
gps 5113,1986-01-29,1,0,4.895386875e-08,759,20546.0,62.86,1.0
gps 5113,1986-01-30,1,11,5.1439957974137936e-08,759,20546.0,62.86,3.0
gps 5113,1986-03-02,3,30,6.364074375e-07,759,20546.0,62.86,15.0
gps 5113,1986-03-17,3,0,3.221818243055556e-07,759,20546.0,62.86,1.0
gps 5113,1986-03-18,3,0,1.1544640426300578e-06,759,20546.0,62.86,15.0
gps 5113,1986-04-02,4,12,3.472296427378965e-07,759,20546.0,62.86,13.0
gps 5113,1986-04-15,4,30,9.187595548611112e-07,759,20546.0,62.86,42.0
gps 5113,1986-05-27,5,22,1.2063587583333334e-06,759,20546.0,62.86,16.0
gps 5113,1986-06-12,6,0,1.0011253490080825e-08,759,20546.0,62.86,7.0
gps 5113,1986-06-19,6,0,1.0003868055555557e-08,759,20546.0,62.86,8.0
gps 5113,1986-06-27,6,0,1.1947308333333332e-08,759,20546.0,62.86,5.0
gps 5113,1986-07-02,7,0,1.003605020920502e-08,759,20546.0,62.86,22.0
gps 5113,1986-07-24,7,0,1.0873404033379696e-08,759,20546.0,62.86,8.0
gps 5113,1986-08-01,8,16,1.4972446527777782e-08,759,20546.0,62.86,1.0
gps 5113,1986-08-02,8,15,1.5503450694444443e-08,759,20546.0,62.86,1.0
gps 5113,1986-08-03,8,15,3.483806680584551e-08,759,20546.0,62.86,15.0
gps 5113,1986-08-18,8,0,1.0002403484320557e-08,759,20546.0,62.86,20.0
gps 5113,1986-09-07,9,17,2.030108486111111e-07,759,20546.0,62.86,1.0
gps 5113,1986-09-08,9,16,4.220595615010424e-07,759,20546.0,62.86,1.0
gps 5113,1986-09-09,9,13,1.166016361130742e-06,759,20546.0,62.86,6.0
gps 5113,1986-09-15,9,0,2.821336212471132e-07,759,20546.0,62.86,6.0
gps 5113,1986-09-21,9,0,2.348798527777778e-07,759,20546.0,62.86,5.0
gps 5113,1986-09-26,9,0,3.4310952986111105e-07,759,20546.0,62.86,9.0
gps 5113,1986-10-05,10,27,2.695743118055556e-07,759,20546.0,62.86,12.0
gps 5113,1986-10-17,10,18,6.622837628111274e-07,759,20546.0,62.86,25.0
gps 5113,1986-11-11,11,9,8.751264770833333e-07,759,20546.0,62.86,5.0
gps 5113,1986-11-16,11,12,4.726521805555557e-08,759,20546.0,62.86,8.0
gps 5113,1986-11-24,11,12,6.591935833333332e-08,759,20546.0,62.86,31.0
gps 5113,1986-12-25,12,8,1.0286891666666666e-08,759,20546.0,62.86,10.0
gps 5113,1987-01-04,1,11,1.0673007638888889e-08,759,20546.0,62.86,1.0
gps 5113,1987-01-05,1,10,7.173461501042391e-07,759,20546.0,62.86,24.0
gps 5113,1987-01-29,1,14,1.015050749464668e-08,759,20546.0,62.86,1.0
gps 5113,1987-01-30,1,13,1.0003041843971631e-08,759,20546.0,62.86,3.0
gps 5113,1987-03-13,3,0,4.157223968033357e-07,759,20546.0,62.86,8.0
gps 5113,1987-03-21,3,18,1.9181293125e-07,759,20546.0,62.86,3.0
gps 5113,1987-03-24,3,22,2.219691108786611e-07,759,20546.0,62.86,9.0
gps 5113,1987-04-02,4,14,1.0641698311048561e-07,759,20546.0,62.86,4.0
gps 5113,1987-04-06,4,55,2.272382074074074e-06,759,20546.0,62.86,3.0
gps 5113,1987-04-09,4,80,4.867080061349694e-07,759,20546.0,62.86,7.0
gps 5113,1987-04-16,4,70,8.403103180212014e-07,759,20546.0,62.86,2.0
gps 5113,1987-04-18,4,42,8.068967013888889e-07,759,20546.0,62.86,1.0
gps 5113,1987-04-19,4,34,3.362516350877193e-07,759,20546.0,62.86,6.0
gps 5113,1987-04-25,4,29,2.66591875e-08,759,20546.0,62.86,3.0
gps 5113,1987-04-28,4,16,1.5988044705882353e-08,759,20546.0,62.86,2.0
gps 5113,1987-04-30,4,35,3.561525849858357e-08,759,20546.0,62.86,7.0
gps 5113,1987-05-07,5,40,8.517240976645436e-08,759,20546.0,62.86,1.0
gps 5113,1987-05-08,5,30,6.419136527777778e-08,759,20546.0,62.86,1.0
gps 5113,1987-05-09,5,27,5.978814861111111e-08,759,20546.0,62.86,3.0
gps 5113,1987-05-12,5,27,5.63862736248237e-08,759,20546.0,62.86,5.0
gps 5113,1987-05-17,5,81,4.104147222222222e-07,759,20546.0,62.86,1.0
gps 5113,1987-05-18,5,64,1.0256713498233217e-06,759,20546.0,62.86,7.0
gps 5113,1987-05-25,5,44,1.5651599366197183e-06,759,20546.0,62.86,8.0
gps 5113,1987-06-02,6,12,3.537750069444444e-08,759,20546.0,62.86,4.0
gps 5113,1987-06-06,6,0,2.229018472222222e-08,759,20546.0,62.86,2.0
gps 5113,1987-06-08,6,0,7.74821376146789e-07,759,20546.0,62.86,5.0
gps 5113,1987-06-13,6,15,1.2302641319444448e-07,759,20546.0,62.86,104.0
gps 5113,1987-09-25,9,15,2.379096694444445e-07,759,20546.0,62.86,6.0
gps 5113,1987-10-01,10,36,3.712120268172194e-07,759,20546.0,62.86,1.0
gps 5113,1987-10-02,10,26,2.5073050902777777e-07,759,20546.0,62.86,6.0
gps 5113,1987-10-08,10,57,3.149527930535456e-07,759,20546.0,62.86,5.0
gps 5113,1987-10-13,10,77,3.329652558479532e-07,759,20546.0,62.86,6.0
gps 5113,1987-10-19,10,86,1.0811153370396108e-06,759,20546.0,62.86,6.0
gps 5113,1987-10-25,10,30,2.635015e-07,759,20546.0,62.86,26.0
gps 5113,1987-11-20,11,60,1.2092394444444445e-06,759,20546.0,62.86,1.0
gps 5113,1987-11-21,11,62,1.2907317638888888e-06,759,20546.0,62.86,10.0
gps 5113,1987-12-01,12,18,2.015785868055556e-07,759,20546.0,62.86,11.0
gps 5113,1987-12-12,12,14,1.0684778333333333e-06,759,20546.0,62.86,1.0
gps 5113,1987-12-13,12,22,3.810952430555556e-07,759,20546.0,62.86,2.0
gps 5113,1987-12-15,12,45,2.132576532769556e-07,759,20546.0,62.86,9.0
gps 5113,1987-12-24,12,14,3.754609103740297e-07,759,20546.0,62.86,5.0
gps 5113,1987-12-29,12,32,5.699521805555556e-07,759,20546.0,62.86,7.0
gps 5113,1988-01-05,1,38,2.8833619444444445e-07,759,20546.0,62.86,6.0
gps 5113,1988-01-11,1,90,1.2865826736111112e-06,759,20546.0,62.86,7.0
gps 5113,1988-01-18,1,81,1.0366389861111112e-06,759,20546.0,62.86,4.0
gps 5113,1988-01-22,1,79,2.440192688022285e-07,759,20546.0,62.86,2.0
gps 5113,1988-01-24,1,53,5.159370763888888e-07,759,20546.0,62.86,8.0
gps 5113,1989-05-14,5,174,1.4197246527777776e-06,759,20546.0,62.86,9.0
gps 5113,1989-05-23,5,254,4.494091597222222e-06,759,20546.0,62.86,13.0
gps 5113,1989-06-05,6,248,5.908523275261324e-06,759,20546.0,62.86,2.0
gps 5113,1989-06-07,6,189,5.488634930555556e-06,759,20546.0,62.86,7.0
gps 5113,1989-06-14,6,364,4.689959861111111e-06,759,20546.0,62.86,28.0
gps 5113,1989-07-12,7,158,9.555967847222222e-07,759,20546.0,62.86,1.0
gps 5113,1989-07-13,7,165,1.1821827222222222e-06,759,20546.0,62.86,18.0
gps 5113,1989-07-31,7,188,3.296326944444444e-06,759,20546.0,62.86,2.0
gps 5113,1989-08-02,8,269,1.7542292078488372e-06,759,20546.0,62.86,46.0
gps 5113,1989-09-17,9,202,2.5016781944444445e-06,759,20546.0,62.86,33.0
gps 5113,1989-10-20,10,186,4.312703028009084e-06,759,20546.0,62.86,1.0
gps 5113,1989-10-21,10,202,3.743804861111111e-06,759,20546.0,62.86,1.0
gps 5113,1989-10-22,10,210,1.595841014948859e-05,759,20546.0,62.86,1.0
gps 5113,1989-10-23,10,193,7.144123127413127e-06,759,20546.0,62.86,1.0
gps 5113,1989-10-24,10,174,3.803593652777778e-05,759,20546.0,62.86,1.0
gps 5113,1989-10-25,10,161,5.921697766570606e-06,759,20546.0,62.86,1.0
gps 5113,1989-10-26,10,145,3.243305394839718e-06,759,20546.0,62.86,16.0
gps 5113,1989-11-11,11,246,3.535487777777778e-06,759,20546.0,62.86,13.0
gps 5113,1989-11-24,11,220,2.1451047916666667e-06,759,20546.0,62.86,16.0
gps 5113,1989-12-10,12,189,1.1837045763888888e-06,759,20546.0,62.86,25.0
gps 5113,1990-01-04,1,223,1.7130324305555554e-06,759,20546.0,62.86,14.0
gps 5113,1990-01-18,1,227,2.209957291666667e-06,759,20546.0,62.86,11.0
gps 5113,1990-01-29,1,237,3.254730451388889e-06,759,20546.0,62.86,5.0
gps 5113,1990-03-03,3,223,2.9401892662473794e-06,759,20546.0,62.86,2.0
gps 5113,1990-03-05,3,134,2.061760597222222e-06,759,20546.0,62.86,4.0
gps 5113,1990-03-09,3,97,1.3542397444444446e-06,759,20546.0,62.86,5.0
gps 5113,1990-03-14,3,123,2.3844665069444443e-06,759,20546.0,62.86,20.0
gps 5113,1990-04-03,4,153,4.483875388888889e-06,759,20546.0,62.86,10.0
gps 5113,1990-04-13,4,166,2.885844475721323e-06,759,20546.0,62.86,6.0
gps 5113,1990-04-19,4,288,2.249295069444445e-06,759,20546.0,62.86,5.0
gps 5113,1990-04-24,4,212,1.7396566666666666e-06,759,20546.0,62.86,35.0
gps 5113,1990-05-29,5,156,7.505767501739736e-07,759,20546.0,62.86,13.0
gps 5113,1990-06-11,6,183,2.8499003333333336e-06,759,20546.0,62.86,6.0
gps 5113,1990-06-17,6,145,9.40928236111111e-07,759,20546.0,62.86,10.0
gps 5113,1990-06-27,6,204,1.949742468175389e-06,759,20546.0,62.86,7.0
gps 5113,1990-07-04,7,308,3.210579722222222e-06,759,20546.0,62.86,1.0
gps 5113,1990-07-05,7,272,2.1219604717655467e-06,759,20546.0,62.86,7.0
gps 5114,1984-10-25,10,10,3.019951319444444e-08,759,20483.0,63.78,48.0
gps 5114,1984-12-12,12,33,7.975681457891011e-08,759,20483.0,63.78,23.0
gps 5114,1985-01-04,1,0,1.2982806993006994e-08,759,20483.0,63.78,2.0
gps 5114,1985-01-06,1,0,1.0032324362606233e-08,759,20483.0,63.78,6.0
gps 5114,1985-01-12,1,14,1.3408334722222225e-08,759,20483.0,63.78,26.0
gps 5114,1985-05-23,5,38,1.2192663611111114e-07,759,20483.0,63.78,6.0
gps 5114,1985-05-29,5,12,4.236533333333333e-08,759,20483.0,63.78,8.0
gps 5114,1985-06-06,6,43,2.132742695783133e-07,759,20483.0,63.78,6.0
gps 5114,1985-06-12,6,63,1.0793333657858137e-07,759,20483.0,63.78,1.0
gps 5114,1985-06-13,6,53,9.629167500000001e-08,759,20483.0,63.78,4.0
gps 5114,1985-06-17,6,27,9.719316458333333e-08,759,20483.0,63.78,3.0
gps 5114,1985-06-20,6,11,1.4673005555555556e-08,759,20483.0,63.78,7.0
gps 5114,1985-06-27,6,9,2.0893218207088257e-08,759,20483.0,63.78,1.0
gps 5114,1985-06-28,6,9,4.055489608540925e-08,759,20483.0,63.78,7.0
gps 5114,1985-07-05,7,49,1.252610416666667e-07,759,20483.0,63.78,26.0
gps 5114,1985-07-31,7,52,7.53554895908112e-08,759,20483.0,63.78,11.0
gps 5114,1985-08-11,8,11,1.6909343750000002e-08,759,20483.0,63.78,48.0
gps 5114,1985-09-28,9,0,3.323859541125541e-07,759,20483.0,63.78,19.0
gps 5114,1985-10-17,10,22,9.983473472222225e-08,759,20483.0,63.78,104.0
gps 5114,1986-01-29,1,0,4.895386875e-08,759,20483.0,63.78,4.0
gps 5114,1986-03-21,3,12,2.812239569444444e-07,759,20483.0,63.78,13.0
gps 5114,1986-04-03,4,12,3.157108546617916e-07,759,20483.0,63.78,10.0
gps 5114,1986-04-13,4,16,3.185143576388889e-07,759,20483.0,63.78,18.0
gps 5114,1986-05-01,5,18,6.58951102071006e-08,759,20483.0,63.78,40.0
gps 5114,1986-06-10,6,4,9.341606678726482e-07,759,20483.0,63.78,1.0
gps 5114,1986-06-11,6,0,1.0004941397445533e-08,759,20483.0,63.78,10.0
gps 5114,1986-06-21,6,0,1.0067854333576112e-08,759,20483.0,63.78,6.0
gps 5114,1986-06-27,6,0,1.1947308333333332e-08,759,20483.0,63.78,25.0
gps 5114,1986-07-22,7,22,8.62430917361111e-07,759,20483.0,63.78,15.0
gps 5114,1986-08-06,8,13,1.1935582517482518e-08,759,20483.0,63.78,12.0
gps 5114,1986-08-18,8,0,1.0002403484320557e-08,759,20483.0,63.78,6.0
gps 5114,1986-08-24,8,12,1.0088829166666666e-08,759,20483.0,63.78,18.0
gps 5114,1986-09-11,9,11,2.100503666666667e-07,759,20483.0,63.78,9.0
gps 5114,1986-09-20,9,0,2.709875951388889e-07,759,20483.0,63.78,11.0
gps 5114,1986-10-01,10,14,1.2248e-08,759,20483.0,63.78,4.0
gps 5114,1986-10-05,10,27,2.695743118055556e-07,759,20483.0,63.78,2.0
gps 5114,1986-10-07,10,31,3.277124596638656e-07,759,20483.0,63.78,2.0
gps 5114,1986-10-09,10,36,3.264115340277778e-07,759,20483.0,63.78,36.0
gps 5114,1986-11-14,11,12,5.344920277777778e-08,759,20483.0,63.78,10.0
gps 5114,1986-11-24,11,12,6.591935833333332e-08,759,20483.0,63.78,2.0
gps 5114,1986-11-26,11,0,3.1937487736510166e-08,759,20483.0,63.78,2.0
gps 5114,1986-11-28,11,0,1.3151930555555556e-08,759,20483.0,63.78,19.0
gps 5114,1986-12-17,12,8,1.0340623349548298e-08,759,20483.0,63.78,13.0
gps 5114,1986-12-30,12,0,8.537575104166666e-07,759,20483.0,63.78,17.0
gps 5114,1987-01-16,1,0,1.1739619444444445e-08,759,20483.0,63.78,13.0
gps 5114,1987-01-29,1,14,1.015050749464668e-08,759,20483.0,63.78,1.0
gps 5114,1987-01-30,1,13,1.0003041843971631e-08,759,20483.0,63.78,4.0
gps 5114,1987-04-20,4,14,1.28162e-06,759,20483.0,63.78,2.0
gps 5114,1987-04-22,4,30,6.413090132036139e-08,759,20483.0,63.78,2.0
gps 5114,1987-04-24,4,41,1.099645486111111e-07,759,20483.0,63.78,9.0
gps 5114,1987-05-03,5,32,1.1676555000000001e-07,759,20483.0,63.78,4.0
gps 5114,1987-05-07,5,40,8.517240976645436e-08,759,20483.0,63.78,1.0
gps 5114,1987-05-08,5,30,6.419136527777778e-08,759,20483.0,63.78,7.0
gps 5114,1987-05-15,5,46,3.2591128472222226e-07,759,20483.0,63.78,7.0
gps 5114,1987-05-22,5,45,4.264878402777778e-07,759,20483.0,63.78,14.0
gps 5114,1987-06-05,6,11,2.6175011118832523e-08,759,20483.0,63.78,8.0
gps 5114,1987-06-13,6,15,1.2302641319444448e-07,759,20483.0,63.78,9.0
gps 5114,1987-06-22,6,41,9.159770190947664e-07,759,20483.0,63.78,4.0
gps 5114,1987-06-26,6,44,1.4176600213219617e-07,759,20483.0,63.78,94.0
gps 5114,1987-09-28,9,27,1.785586370138889e-06,759,20483.0,63.78,1.0
gps 5114,1987-09-29,9,32,3.681780451388889e-07,759,20483.0,63.78,6.0
gps 5114,1987-10-05,10,56,1.494942148696265e-06,759,20483.0,63.78,2.0
gps 5114,1987-10-07,10,41,2.3508900833333335e-07,759,20483.0,63.78,3.0
gps 5114,1987-10-10,10,53,3.306189166666667e-07,759,20483.0,63.78,21.0
gps 5114,1987-10-31,10,65,4.601728055555555e-07,759,20483.0,63.78,2.0
gps 5114,1987-11-02,11,70,1.5219208355555556e-06,759,20483.0,63.78,19.0
gps 5114,1987-11-21,11,62,1.2907317638888888e-06,759,20483.0,63.78,30.0
gps 5114,1987-12-21,12,15,9.067473854707192e-07,759,20483.0,63.78,11.0
gps 5114,1988-01-01,1,56,5.410834996486296e-07,759,20483.0,63.78,15.0
gps 5114,1988-01-16,1,99,6.88911861111111e-07,759,20483.0,63.78,6.0
gps 5114,1988-01-22,1,79,2.440192688022285e-07,759,20483.0,63.78,19.0
gps 5114,1989-06-06,6,210,3.815037717466945e-06,759,20483.0,63.78,57.0
gps 5114,1989-08-02,8,269,1.7542292078488372e-06,759,20483.0,63.78,56.0
gps 5114,1989-09-27,9,129,3.5880435416666667e-06,759,20483.0,63.78,9.0
gps 5114,1989-10-06,10,252,2.03289094858798e-06,759,20483.0,63.78,7.0
gps 5118,1984-10-28,10,0,1.8133858465608466e-08,759,18470.0,61.8,46.0
gps 5118,1984-12-13,12,32,5.4628845833333333e-08,759,18470.0,61.8,4.0
gps 5118,1984-12-17,12,28,3.377375193548387e-06,759,18470.0,61.8,6.0
gps 5118,1984-12-23,12,13,2.9274504861111108e-08,759,18470.0,61.8,2.0
gps 5118,1984-12-25,12,24,1.8492126760563385e-08,759,18470.0,61.8,13.0
gps 5118,1985-01-07,1,0,9.254587859699356e-07,759,18470.0,61.8,5.0
gps 5118,1985-01-12,1,14,1.3408334722222225e-08,759,18470.0,61.8,8.0
gps 5118,1985-01-20,1,59,1.2003669699090272e-06,759,18470.0,61.8,10.0
gps 5118,1985-01-30,1,0,1.1966278472222225e-08,759,18470.0,61.8,7.0
gps 5118,1985-04-30,4,33,9.823070236111113e-07,759,18470.0,61.8,4.0
gps 5118,1985-05-04,5,21,2.1414503472222225e-08,759,18470.0,61.8,1.0
gps 5118,1985-05-05,5,19,3.2689438413361174e-08,759,18470.0,61.8,24.0
gps 5118,1985-05-29,5,12,4.236533333333333e-08,759,18470.0,61.8,4.0
gps 5118,1985-06-02,6,0,5.194710629067245e-08,759,18470.0,61.8,5.0
gps 5118,1985-06-07,6,44,1.20622272801303e-07,759,18470.0,61.8,5.0
gps 5118,1985-06-12,6,63,1.0793333657858137e-07,759,18470.0,61.8,2.0
gps 5118,1985-06-14,6,42,8.185392340126494e-08,759,18470.0,61.8,6.0
gps 5118,1985-06-20,6,11,1.4673005555555556e-08,759,18470.0,61.8,9.0
gps 5118,1985-06-29,6,11,1.5315151532033426e-07,759,18470.0,61.8,17.0
gps 5118,1985-07-16,7,12,9.248801819444444e-07,759,18470.0,61.8,18.0
gps 5118,1985-08-03,8,25,5.398645371669004e-08,759,18470.0,61.8,56.0
gps 5118,1985-09-28,9,0,3.323859541125541e-07,759,18470.0,61.8,122.0
gps 5118,1986-01-28,1,0,9.766953277777778e-07,759,18470.0,61.8,4.0
gps 5118,1986-03-18,3,0,1.1544640426300578e-06,759,18470.0,61.8,7.0
gps 5118,1986-03-25,3,9,1.12615658125e-06,759,18470.0,61.8,11.0
gps 5118,1986-04-05,4,0,1.016236103896104e-08,759,18470.0,61.8,21.0
gps 5118,1986-04-26,4,52,2.0542207152777778e-07,759,18470.0,61.8,33.0
gps 5118,1986-05-29,5,22,3.195358888888889e-08,759,18470.0,61.8,5.0
gps 5118,1986-06-03,6,0,9.285963377097008e-07,759,18470.0,61.8,7.0
gps 5118,1986-06-10,6,4,9.341606678726482e-07,759,18470.0,61.8,4.0
gps 5118,1986-06-14,6,0,2.311020138888889e-08,759,18470.0,61.8,1.0
gps 5118,1986-06-15,6,0,1.0050943055555556e-08,759,18470.0,61.8,38.0
gps 5118,1986-07-23,7,14,1.0654615972222221e-08,759,18470.0,61.8,5.0
gps 5118,1986-07-28,7,13,2.1766397669337226e-08,759,18470.0,61.8,6.0
gps 5118,1986-08-03,8,15,3.483806680584551e-08,759,18470.0,61.8,2.0
gps 5118,1986-08-05,8,15,9.2300030237581e-07,759,18470.0,61.8,8.0
gps 5118,1986-08-13,8,0,1.0001934659090908e-08,759,18470.0,61.8,3.0
gps 5118,1986-08-16,8,12,1.0001597348220517e-08,759,18470.0,61.8,6.0
gps 5118,1986-08-22,8,16,1.0122501388888889e-08,759,18470.0,61.8,5.0
gps 5118,1986-08-27,8,12,1.0009129166666666e-08,759,18470.0,61.8,5.0
gps 5118,1986-09-01,9,12,3.323628833333333e-07,759,18470.0,61.8,16.0
gps 5118,1986-09-17,9,0,2.061444173611111e-07,759,18470.0,61.8,14.0
gps 5118,1986-10-01,10,14,1.2248e-08,759,18470.0,61.8,20.0
gps 5118,1986-10-21,10,53,1.1007378030303032e-06,759,18470.0,61.8,3.0
gps 5118,1986-10-24,10,86,2.974200833333333e-07,759,18470.0,61.8,15.0
gps 5118,1986-11-08,11,15,3.8400476388888886e-08,759,18470.0,61.8,4.0
gps 5118,1986-11-12,11,0,3.648504332129965e-08,759,18470.0,61.8,2.0
gps 5118,1986-11-14,11,12,5.344920277777778e-08,759,18470.0,61.8,2.0
gps 5118,1986-11-16,11,12,4.726521805555557e-08,759,18470.0,61.8,11.0
gps 5118,1986-11-27,11,13,1.815773478939157e-08,759,18470.0,61.8,32.0
gps 5118,1986-12-29,12,0,1.0295700694444444e-08,759,18470.0,61.8,2.0
gps 5118,1986-12-31,12,9,1.0029272916666666e-08,759,18470.0,61.8,2.0
gps 5118,1987-01-02,1,14,1.1230698611111112e-08,759,18470.0,61.8,8.0
gps 5118,1987-01-10,1,0,1.05881125e-08,759,18470.0,61.8,18.0
gps 5118,1987-01-28,1,19,2.0296869958275383e-08,759,18470.0,61.8,4.0
gps 5118,1987-03-15,3,13,2.1718036805555562e-07,759,18470.0,61.8,6.0
gps 5118,1987-03-21,3,18,1.9181293125e-07,759,18470.0,61.8,20.0
gps 5118,1987-04-10,4,89,5.007774218207088e-07,759,18470.0,61.8,1.0
gps 5118,1987-04-11,4,93,3.801908472222223e-07,759,18470.0,61.8,3.0
gps 5118,1987-04-14,4,89,1.8489921527777776e-07,759,18470.0,61.8,3.0
gps 5118,1987-04-17,4,48,6.137192916666666e-07,759,18470.0,61.8,5.0
gps 5118,1987-04-22,4,30,6.413090132036139e-08,759,18470.0,61.8,20.0
gps 5118,1987-05-12,5,27,5.63862736248237e-08,759,18470.0,61.8,2.0
gps 5118,1987-05-14,5,15,2.3774819095477386e-07,759,18470.0,61.8,3.0
gps 5118,1987-05-17,5,81,4.104147222222222e-07,759,18470.0,61.8,5.0
gps 5118,1987-05-22,5,45,4.264878402777778e-07,759,18470.0,61.8,2.0
gps 5118,1987-05-24,5,45,1.0099083125e-06,759,18470.0,61.8,6.0
gps 5118,1987-05-30,5,18,3.680202121863799e-07,759,18470.0,61.8,1.0
gps 5118,1987-05-31,5,14,1.6295625277777777e-07,759,18470.0,61.8,9.0
gps 5118,1987-06-09,6,0,3.766177361111111e-08,759,18470.0,61.8,10.0
gps 5118,1987-06-19,6,14,8.781030347222222e-08,759,18470.0,61.8,6.0
gps 5118,1987-06-25,6,41,1.259734293078056e-07,759,18470.0,61.8,22.0
gps 5118,1987-07-17,7,16,6.155586597222222e-08,759,18470.0,61.8,11.0
gps 5118,1987-07-28,7,69,4.050747602501738e-07,759,18470.0,61.8,66.0
gps 5118,1987-10-02,10,26,2.5073050902777777e-07,759,18470.0,61.8,3.0
gps 5118,1987-10-05,10,56,1.494942148696265e-06,759,18470.0,61.8,17.0
gps 5118,1987-10-22,10,52,2.075218920863309e-07,759,18470.0,61.8,3.0
gps 5118,1987-10-25,10,30,2.635015e-07,759,18470.0,61.8,2.0
gps 5118,1987-10-27,10,73,3.692299163179916e-07,759,18470.0,61.8,1.0
gps 5118,1987-10-28,10,83,5.361375978511128e-07,759,18470.0,61.8,25.0
gps 5118,1987-11-22,11,86,5.407769027777778e-07,759,18470.0,61.8,11.0
gps 5118,1987-12-03,12,17,6.60321997177135e-08,759,18470.0,61.8,1.0
gps 5118,1987-12-04,12,16,5.487188194444446e-08,759,18470.0,61.8,1.0
gps 5118,1987-12-05,12,20,8.350060694444445e-08,759,18470.0,61.8,2.0
gps 5118,1987-12-07,12,37,7.986677798611111e-07,759,18470.0,61.8,1.0
gps 5118,1987-12-08,12,39,1.2215471189979122e-07,759,18470.0,61.8,1.0
gps 5118,1987-12-09,12,44,1.8814200902777778e-07,759,18470.0,61.8,6.0
gps 5118,1987-12-15,12,45,2.132576532769556e-07,759,18470.0,61.8,19.0
gps 5118,1988-01-03,1,30,1.7241377361111113e-06,759,18470.0,61.8,15.0
gps 5118,1988-01-18,1,81,1.0366389861111112e-06,759,18470.0,61.8,13.0
gps 5118,1988-01-31,1,68,3.40655125e-07,759,18470.0,61.8,3.0
gps 5118,1988-07-20,7,122,7.403705702364395e-07,759,18470.0,61.8,320.0
gps 5118,1989-06-05,6,248,5.908523275261324e-06,759,18470.0,61.8,16.0
gps 5118,1989-06-21,6,271,6.7441025000000005e-06,759,18470.0,61.8,29.0
gps 5118,1989-07-20,7,212,1.3967442956764297e-06,759,18470.0,61.8,11.0
gps 5118,1989-07-31,7,188,3.296326944444444e-06,759,18470.0,61.8,2.0
gps 5118,1989-08-02,8,269,1.7542292078488372e-06,759,18470.0,61.8,53.0
gps 5118,1989-09-24,9,96,1.910830986111111e-06,759,18470.0,61.8,14.0
gps 5118,1989-10-08,10,221,1.8501598611111115e-06,759,18470.0,61.8,6.0
gps 5118,1989-10-14,10,212,2.139398125e-06,759,18470.0,61.8,5.0
gps 5118,1989-10-19,10,212,6.172549025270758e-05,759,18470.0,61.8,1.0
gps 5118,1989-10-20,10,186,4.312703028009084e-06,759,18470.0,61.8,5.0
gps 5118,1989-10-25,10,161,5.921697766570606e-06,759,18470.0,61.8,37.0
gps 5118,1989-12-01,12,253,2.604852569444445e-06,759,18470.0,61.8,5.0
gps 5118,1989-12-06,12,235,1.5046009103641457e-06,759,18470.0,61.8,60.0
gps 5118,1990-03-13,3,113,1.6924998124999998e-06,759,18470.0,61.8,13.0
gps 5118,1990-03-26,3,257,4.454646455872133e-06,759,18470.0,61.8,18.0
gps 5118,1990-04-13,4,166,2.885844475721323e-06,759,18470.0,61.8,49.0
gps 5118,1990-06-01,6,140,4.718853194444445e-07,759,18470.0,61.8,18.0
gps 5118,1990-06-19,6,115,7.313639722222222e-07,759,18470.0,61.8,49.0
gps 9794,1985-01-13,1,17,7.049368488289566e-08,759,20377.0,63.51,17.0
gps 9794,1985-01-30,1,0,1.1966278472222225e-08,759,20377.0,63.51,7.0
gps 9794,1985-04-28,4,34,2.4414280208333334e-07,759,20377.0,63.51,1.0
gps 9794,1985-04-29,4,33,2.154790138888889e-07,759,20377.0,63.51,38.0
gps 9794,1985-06-06,6,43,2.132742695783133e-07,759,20377.0,63.51,17.0
gps 9794,1985-06-23,6,14,2.092378995433789e-08,759,20377.0,63.51,2.0
gps 9794,1985-06-25,6,14,1.5135727777777776e-08,759,20377.0,63.51,2.0
gps 9794,1985-06-27,6,9,2.0893218207088257e-08,759,20377.0,63.51,7.0
gps 9794,1985-07-04,7,42,1.1285300139470016e-07,759,20377.0,63.51,4.0
gps 9794,1985-07-08,7,87,5.489908194444444e-07,759,20377.0,63.51,6.0
gps 9794,1985-07-14,7,12,1.8864130869565213e-07,759,20377.0,63.51,2.0
gps 9794,1985-07-16,7,12,9.248801819444444e-07,759,20377.0,63.51,1.0
gps 9794,1985-07-17,7,14,2.0893465972222223e-08,759,20377.0,63.51,7.0
gps 9794,1985-07-24,7,16,1.3372251388888893e-08,759,20377.0,63.51,27.0
gps 9794,1985-08-20,8,9,9.081990857142856e-07,759,20377.0,63.51,15.0
gps 9794,1985-09-04,9,0,2.5957810972222224e-07,759,20377.0,63.51,146.0
gps 9794,1986-01-28,1,0,9.766953277777778e-07,759,20377.0,63.51,1.0
gps 9794,1986-01-29,1,0,4.895386875e-08,759,20377.0,63.51,29.0
gps 9794,1986-04-17,4,16,3.085133194444444e-08,759,20377.0,63.51,10.0
gps 9794,1986-04-27,4,40,1.7562303905160397e-07,759,20377.0,63.51,33.0
gps 9794,1986-05-30,5,15,1.7311301388888892e-08,759,20377.0,63.51,15.0
gps 9794,1986-06-14,6,0,2.311020138888889e-08,759,20377.0,63.51,3.0
gps 9794,1986-06-17,6,0,8.857946711173577e-07,759,20377.0,63.51,2.0
gps 9794,1986-06-19,6,0,1.0003868055555557e-08,759,20377.0,63.51,5.0
gps 9794,1986-06-24,6,0,8.734078958333334e-07,759,20377.0,63.51,4.0
gps 9794,1986-06-28,6,0,1.0001749305555555e-08,759,20377.0,63.51,3.0
gps 9794,1986-07-01,7,0,1.0167313647246608e-08,759,20377.0,63.51,8.0
gps 9794,1986-07-09,7,17,1.9904984722222226e-08,759,20377.0,63.51,9.0
gps 9794,1986-07-18,7,14,2.967148611111112e-08,759,20377.0,63.51,4.0
gps 9794,1986-07-22,7,22,8.62430917361111e-07,759,20377.0,63.51,3.0
gps 9794,1986-07-25,7,0,2.8999306179775284e-08,759,20377.0,63.51,11.0
gps 9794,1986-08-05,8,15,9.2300030237581e-07,759,20377.0,63.51,8.0
gps 9794,1986-08-13,8,0,1.0001934659090908e-08,759,20377.0,63.51,6.0
gps 9794,1986-08-19,8,0,8.572496761640029e-07,759,20377.0,63.51,5.0
gps 9794,1986-08-24,8,12,1.0088829166666666e-08,759,20377.0,63.51,7.0
gps 9794,1986-08-31,8,12,3.948766604166667e-07,759,20377.0,63.51,4.0
gps 9794,1986-09-04,9,11,3.0909778318276577e-07,759,20377.0,63.51,10.0
gps 9794,1986-09-14,9,0,2.4329095902777775e-07,759,20377.0,63.51,1.0
gps 9794,1986-09-15,9,0,2.821336212471132e-07,759,20377.0,63.51,6.0
gps 9794,1986-09-21,9,0,2.348798527777778e-07,759,20377.0,63.51,3.0
gps 9794,1986-09-24,9,0,2.6804364375e-07,759,20377.0,63.51,1.0
gps 9794,1986-09-25,9,0,3.904041944240645e-07,759,20377.0,63.51,3.0
gps 9794,1986-09-28,9,0,3.0878695833333333e-07,759,20377.0,63.51,7.0
gps 9794,1986-10-05,10,27,2.695743118055556e-07,759,20377.0,63.51,19.0
gps 9794,1986-10-24,10,86,2.974200833333333e-07,759,20377.0,63.51,63.0
gps 9794,1986-12-26,12,0,1.023133611111111e-08,759,20377.0,63.51,17.0
gps 9794,1987-01-12,1,0,1.0001820916905444e-08,759,20377.0,63.51,1.0
gps 9794,1987-01-13,1,0,1.4356606944444444e-08,759,20377.0,63.51,15.0
gps 9794,1987-01-28,1,19,2.0296869958275383e-08,759,20377.0,63.51,1.0
gps 9794,1987-01-29,1,14,1.015050749464668e-08,759,20377.0,63.51,5.0
gps 9794,1987-03-12,3,0,1.65687423920736e-07,759,20377.0,63.51,6.0
gps 9794,1987-03-18,3,25,2.7547369166666666e-07,759,20377.0,63.51,3.0
gps 9794,1987-03-21,3,18,1.9181293125e-07,759,20377.0,63.51,13.0
gps 9794,1987-04-03,4,12,3.112727938718663e-07,759,20377.0,63.51,2.0
gps 9794,1987-04-05,4,32,4.26807583728278e-07,759,20377.0,63.51,6.0
gps 9794,1987-04-11,4,93,3.801908472222223e-07,759,20377.0,63.51,5.0
gps 9794,1987-04-16,4,70,8.403103180212014e-07,759,20377.0,63.51,1.0
gps 9794,1987-04-17,4,48,6.137192916666666e-07,759,20377.0,63.51,4.0
gps 9794,1987-04-21,4,22,2.0839996111111122e-07,759,20377.0,63.51,7.0
gps 9794,1987-04-28,4,16,1.5988044705882353e-08,759,20377.0,63.51,2.0
gps 9794,1987-04-30,4,35,3.561525849858357e-08,759,20377.0,63.51,16.0
gps 9794,1987-05-16,5,59,4.31496092475068e-07,759,20377.0,63.51,2.0
gps 9794,1987-05-18,5,64,1.0256713498233217e-06,759,20377.0,63.51,2.0
gps 9794,1987-05-20,5,55,2.6778846527777777e-07,759,20377.0,63.51,18.0
gps 9794,1987-06-07,6,0,2.333562986111112e-08,759,20377.0,63.51,11.0
gps 9794,1987-06-18,6,26,9.904688181174809e-08,759,20377.0,63.51,103.0
gps 9794,1987-09-29,9,32,3.681780451388889e-07,759,20377.0,63.51,22.0
gps 9794,1987-10-21,10,64,2.1356939673527325e-07,759,20377.0,63.51,1.0
gps 9794,1987-10-22,10,52,2.075218920863309e-07,759,20377.0,63.51,14.0
gps 9794,1987-11-05,11,58,9.674109330484331e-07,759,20377.0,63.51,16.0
gps 9794,1987-11-21,11,62,1.2907317638888888e-06,759,20377.0,63.51,12.0
gps 9794,1987-12-03,12,17,6.60321997177135e-08,759,20377.0,63.51,5.0
gps 9794,1987-12-08,12,39,1.2215471189979122e-07,759,20377.0,63.51,2.0
gps 9794,1987-12-10,12,37,2.836515909732017e-07,759,20377.0,63.51,17.0
gps 9794,1987-12-27,12,31,1.0284505e-06,759,20377.0,63.51,3.0
gps 9794,1987-12-30,12,45,4.691228194444445e-07,759,20377.0,63.51,3.0
gps 9794,1988-01-02,1,37,5.509487604166666e-06,759,20377.0,63.51,5.0
gps 9794,1988-01-07,1,69,4.580839661256177e-07,759,20377.0,63.51,19.0
gps 9794,1988-01-26,1,53,4.311344027777778e-07,759,20377.0,63.51,11.0
gps 9794,1989-05-03,5,120,6.327454273801251e-06,759,20377.0,63.51,30.0
gps 9794,1989-06-02,6,215,5.1161689095127616e-06,759,20377.0,63.51,9.0
gps 9794,1989-06-11,6,295,3.330250277777778e-06,759,20377.0,63.51,13.0
gps 9794,1989-06-24,6,312,1.9558772916666667e-06,759,20377.0,63.51,4.0
gps 9794,1989-06-28,6,271,2.414767986111111e-06,759,20377.0,63.51,2.0
gps 9794,1989-06-30,6,226,4.050367797833935e-06,759,20377.0,63.51,46.0
gps 9794,1989-08-15,8,279,2.040467402777777e-05,759,20377.0,63.51,1.0
gps 9794,1989-08-16,8,243,7.3246275e-05,759,20377.0,63.51,40.0
gps 9794,1989-09-25,9,102,3.454579570833333e-06,759,20377.0,63.51,24.0
gps 9794,1989-10-19,10,212,6.172549025270758e-05,759,20377.0,63.51,1.0
gps 9794,1989-10-20,10,186,4.312703028009084e-06,759,20377.0,63.51,3.0
gps 9794,1989-10-23,10,193,7.144123127413127e-06,759,20377.0,63.51,1.0
gps 9794,1989-10-24,10,174,3.803593652777778e-05,759,20377.0,63.51,1.0
gps 9794,1989-10-25,10,161,5.921697766570606e-06,759,20377.0,63.51,18.0
gps 9794,1989-11-12,11,238,4.3127552083333335e-06,759,20377.0,63.51,3.0
gps 9794,1989-11-15,11,182,1.0633047847222222e-05,759,20377.0,63.51,87.0
gps 9794,1990-04-13,4,166,2.885844475721323e-06,759,20377.0,63.51,3.0
gps 9794,1990-04-16,4,230,5.333934353268428e-06,759,20377.0,63.51,1.0
gps 9794,1990-04-17,4,269,2.5283033519553075e-06,759,20377.0,63.51,24.0
gps 9794,1990-05-11,5,167,7.511043481537302e-06,759,20377.0,63.51,13.0
gps 9794,1990-05-24,5,209,8.024954879773692e-06,759,20377.0,63.51,16.0
gps 9794,1990-06-09,6,126,1.979941486111111e-06,759,20377.0,63.51,53.0
gps 9794,1990-08-01,8,184,2.49540875e-06,759,20377.0,63.51,5.0
marecs a,1984-03-01,3,103,1.61222257489301e-06,1060,36795.0,11.51,184.0
marecs a,1984-09-01,9,65,5.128560346070656e-07,1060,36795.0,11.51,69.0
marecs a,1984-11-09,11,15,2.254193125e-08,1060,36795.0,11.51,297.0
marecs a,1986-03-03,3,31,6.543501402777778e-07,1060,36795.0,11.51,4.0
marecs a,1986-03-07,3,35,3.7319108680555553e-07,1060,36795.0,11.51,2.0
marecs a,1986-03-09,3,20,4.945185979166667e-07,1060,36795.0,11.51,3.0
marecs a,1986-03-12,3,12,3.4872683382352945e-07,1060,36795.0,11.51,10.0
marecs a,1986-03-22,3,9,1.019841697761194e-08,1060,36795.0,11.51,4.0
marecs a,1986-03-26,3,9,3.5050765902777777e-07,1060,36795.0,11.51,1.0
marecs a,1986-03-27,3,10,2.615968376669009e-07,1060,36795.0,11.51,7.0
marecs a,1986-04-03,4,12,3.157108546617916e-07,1060,36795.0,11.51,7.0
marecs a,1986-04-10,4,11,2.332840508474576e-07,1060,36795.0,11.51,22.0
marecs a,1986-05-02,5,31,1.7190394600280505e-07,1060,36795.0,11.51,3.0
marecs a,1986-05-05,5,12,2.8860620900076275e-08,1060,36795.0,11.51,1.0
marecs a,1986-05-06,5,0,8.900903684210527e-07,1060,36795.0,11.51,1.0
marecs a,1986-05-07,5,0,1.0005985273492288e-08,1060,36795.0,11.51,58.0
marecs a,1986-07-04,7,14,1.245050625e-08,1060,36795.0,11.51,23.0
marecs a,1986-07-27,7,12,1.3929733766233764e-08,1060,36795.0,11.51,2.0
marecs a,1986-07-29,7,17,8.985477069444444e-07,1060,36795.0,11.51,1.0
marecs a,1986-07-30,7,19,1.6756690896259706e-08,1060,36795.0,11.51,14.0
marecs a,1986-08-13,8,0,1.0001934659090908e-08,1060,36795.0,11.51,8.0
marecs a,1986-08-21,8,16,1.0184556250000002e-08,1060,36795.0,11.51,1.0
marecs a,1986-08-22,8,16,1.0122501388888889e-08,1060,36795.0,11.51,1.0
marecs a,1986-08-23,8,18,1.0425573611111112e-08,1060,36795.0,11.51,1.0
marecs a,1986-08-24,8,12,1.0088829166666666e-08,1060,36795.0,11.51,5.0
marecs a,1986-08-29,8,12,1.0017025712300208e-08,1060,36795.0,11.51,1.0
marecs a,1986-08-30,8,12,1.1332688194444446e-08,1060,36795.0,11.51,5.0
marecs a,1986-09-04,9,11,3.0909778318276577e-07,1060,36795.0,11.51,8.0
marecs a,1986-09-12,9,0,3.577482576388889e-07,1060,36795.0,11.51,3.0
marecs a,1986-09-15,9,0,2.821336212471132e-07,1060,36795.0,11.51,4.0
marecs a,1986-09-19,9,0,3.259039159722223e-07,1060,36795.0,11.51,4.0
marecs a,1986-09-23,9,0,1.5866150298611112e-06,1060,36795.0,11.51,2.0
marecs a,1986-09-25,9,0,3.904041944240645e-07,1060,36795.0,11.51,2.0
marecs a,1986-09-27,9,0,4.085346305555557e-07,1060,36795.0,11.51,3.0
marecs a,1986-09-30,9,12,4.843310959792477e-07,1060,36795.0,11.51,2.0
marecs a,1986-10-02,10,16,1.5769010646387833e-06,1060,36795.0,11.51,1.0
marecs a,1986-10-03,10,26,1.0667202680555555e-06,1060,36795.0,11.51,2.0
marecs a,1986-10-05,10,27,2.695743118055556e-07,1060,36795.0,11.51,10.0
marecs a,1986-10-15,10,0,5.8681876482903e-07,1060,36795.0,11.51,3.0
marecs a,1986-10-18,10,25,3.4804152777777775e-07,1060,36795.0,11.51,1.0
marecs a,1986-10-19,10,35,2.7222878263888888e-06,1060,36795.0,11.51,5.0
marecs a,1986-10-24,10,86,2.974200833333333e-07,1060,36795.0,11.51,3.0
marecs a,1986-10-27,10,74,2.2310058333333333e-07,1060,36795.0,11.51,8.0
marecs a,1986-11-04,11,38,1.0220848493055556e-06,1060,36795.0,11.51,21.0
marecs a,1986-11-25,11,0,9.086767027777778e-07,1060,36795.0,11.51,4.0
marecs a,1989-03-03,3,134,2.3931758573426576e-06,1060,36795.0,11.51,14.0
marecs a,1989-03-17,3,218,1.956569948663854e-05,1060,36795.0,11.51,12.0
marecs a,1989-03-29,3,123,1.642196763888889e-06,1060,36795.0,11.51,2.0
meteosat 1,1978-07-05,7,76,2.0983521201413428e-06,626,35725.0,4.82,3.0
meteosat 1,1978-07-08,7,149,2.14398055944056e-06,626,35725.0,4.82,11.0
meteosat 1,1978-07-19,7,109,7.973592708333334e-07,626,35725.0,4.82,19.0
meteosat 1,1978-08-07,8,82,1.4284169791666669e-06,626,35725.0,4.82,5.0
meteosat 1,1978-08-12,8,101,3.024885069444445e-07,626,35725.0,4.82,8.0
meteosat 1,1978-08-20,8,43,5.285832624113475e-07,626,35725.0,4.82,9.0
meteosat 1,1978-08-29,8,84,5.776807924528303e-07,626,35725.0,4.82,1.0
meteosat 1,1978-08-30,8,102,1.2481754511278196e-06,626,35725.0,4.82,1.0
meteosat 1,1978-08-31,8,142,9.036249652777778e-07,626,35725.0,4.82,3.0
meteosat 1,1978-09-03,9,225,1.9903203883495143e-06,626,35725.0,4.82,2.0
meteosat 1,1978-09-05,9,251,1.2550044326241136e-06,626,35725.0,4.82,8.0
meteosat 1,1978-09-13,9,130,7.990039130434783e-07,626,35725.0,4.82,1.0
meteosat 1,1978-09-14,9,160,9.333498188405796e-07,626,35725.0,4.82,13.0
meteosat 1,1978-09-27,9,201,2.4705006569343067e-06,626,35725.0,4.82,3.0
meteosat 1,1978-09-30,9,133,8.235302369668247e-07,626,35725.0,4.82,1.0
meteosat 1,1978-10-01,10,136,2.738943236363636e-06,626,35725.0,4.82,5.0
meteosat 1,1978-10-06,10,105,1.0434574368231047e-06,626,35725.0,4.82,15.0
meteosat 1,1978-10-21,10,204,1.3654429861111112e-06,626,35725.0,4.82,9.0
meteosat 1,1978-10-30,10,181,1.3495335069444444e-06,626,35725.0,4.82,9.0
meteosat 1,1978-11-08,11,167,1.1391645138888888e-06,626,35725.0,4.82,7.0
meteosat 1,1978-11-15,11,84,1.449121323529412e-06,626,35725.0,4.82,10.0
meteosat 1,1978-11-25,11,120,5.779605555555555e-07,626,35725.0,4.82,25.0
meteosat 1,1978-12-20,12,119,7.590177083333333e-07,626,35725.0,4.82,6.0
meteosat 1,1978-12-26,12,132,1.1550577092511012e-06,626,35725.0,4.82,1.0
meteosat 1,1978-12-27,12,156,2.8141934375e-06,626,35725.0,4.82,7.0
meteosat 2,1983-07-18,7,130,2.043662807807808e-06,626,36107.0,10.1,36.0
meteosat 2,1983-08-23,8,68,5.280911875e-07,626,36107.0,10.1,2.0
meteosat 2,1983-08-25,8,70,2.938407670850767e-07,626,36107.0,10.1,23.0
meteosat 2,1983-09-17,9,49,5.388679163763067e-07,626,36107.0,10.1,14.0
meteosat 2,1983-10-01,10,38,8.884300347222223e-07,626,36107.0,10.1,26.0
meteosat 2,1983-10-27,10,16,1.3921657638888889e-07,626,36107.0,10.1,24.0
meteosat 2,1983-11-20,11,16,8.85873923611111e-08,626,36107.0,10.1,47.0
meteosat 2,1984-01-06,1,38,2.708022418670439e-07,626,36107.0,10.1,53.0
meteosat 2,1984-03-22,3,122,1.2240121031390136e-06,626,36107.0,10.1,10.0
meteosat 2,1984-04-01,4,134,9.625090106007066e-07,626,36107.0,10.1,2.0
meteosat 2,1984-04-03,4,114,7.571876361639825e-07,626,36107.0,10.1,4.0
meteosat 2,1984-04-07,4,65,7.043885819444444e-07,626,36107.0,10.1,13.0
meteosat 2,1984-04-20,4,89,4.551993249826026e-06,626,36107.0,10.1,8.0
meteosat 2,1984-04-28,4,162,1.3606453194444444e-06,626,36107.0,10.1,4.0
meteosat 2,1984-05-02,5,113,2.3494683541666667e-06,626,36107.0,10.1,21.0
meteosat 2,1984-05-23,5,105,7.228375884016973e-07,626,36107.0,10.1,5.0
meteosat 2,1984-05-28,5,88,2.304131777434312e-06,626,36107.0,10.1,23.0
meteosat 2,1984-06-20,6,75,3.152582270497547e-07,626,36107.0,10.1,4.0
meteosat 2,1984-06-24,6,82,2.0557434027777779e-07,626,36107.0,10.1,22.0
meteosat 2,1984-07-16,7,37,2.4166968034351145e-06,626,36107.0,10.1,1.0
meteosat 2,1984-07-17,7,31,2.2354455406360426e-07,626,36107.0,10.1,9.0
meteosat 2,1984-07-26,7,37,7.943276694915254e-08,626,36107.0,10.1,8.0
meteosat 2,1984-08-03,8,26,1.2021738727915193e-07,626,36107.0,10.1,33.0
meteosat 2,1984-09-05,9,76,5.549795763888889e-07,626,36107.0,10.1,19.0
meteosat 2,1984-09-24,9,12,1.2551141042390547e-06,626,36107.0,10.1,1.0
meteosat 2,1984-09-25,9,10,3.418797243055556e-07,626,36107.0,10.1,2.0
meteosat 2,1984-09-27,9,0,2.55121334057971e-07,626,36107.0,10.1,3.0
meteosat 2,1984-09-30,9,12,3.531270854166667e-07,626,36107.0,10.1,4.0
meteosat 2,1984-10-04,10,12,3.546511578555473e-07,626,36107.0,10.1,4.0
meteosat 2,1984-10-08,10,13,1.219232360150376e-06,626,36107.0,10.1,13.0
meteosat 2,1984-10-21,10,20,5.621285069444444e-08,626,36107.0,10.1,1.0
meteosat 2,1984-10-22,10,13,9.111393380281692e-07,626,36107.0,10.1,5.0
meteosat 2,1984-10-27,10,8,1.93264625e-08,626,36107.0,10.1,17.0
meteosat 2,1984-11-13,11,19,1.820378947368421e-08,626,36107.0,10.1,3.0
meteosat 2,1984-11-16,11,13,3.9876427777777786e-08,626,36107.0,10.1,34.0
meteosat 2,1984-12-20,12,13,3.2423275836972343e-08,626,36107.0,10.1,39.0
meteosat 2,1985-01-28,1,0,9.014427375087968e-07,626,36107.0,10.1,11.0
meteosat 2,1985-04-08,4,11,3.098438838664812e-07,626,36107.0,10.1,16.0
meteosat 2,1985-04-24,4,38,6.994545368647101e-06,626,36107.0,10.1,4.0
meteosat 2,1985-04-28,4,34,2.4414280208333334e-07,626,36107.0,10.1,1.0
meteosat 2,1985-04-29,4,33,2.154790138888889e-07,626,36107.0,10.1,4.0
meteosat 2,1985-05-03,5,17,5.7011570427470215e-08,626,36107.0,10.1,7.0
meteosat 2,1985-05-10,5,58,1.78707415649677e-07,626,36107.0,10.1,25.0
meteosat 2,1985-06-04,6,30,9.74924605059733e-07,626,36107.0,10.1,4.0
meteosat 2,1985-06-08,6,49,9.467257936507936e-08,626,36107.0,10.1,27.0
meteosat 2,1985-07-05,7,49,1.252610416666667e-07,626,36107.0,10.1,2.0
meteosat 2,1985-07-07,7,92,4.280352187028658e-07,626,36107.0,10.1,7.0
meteosat 2,1985-07-14,7,12,1.8864130869565213e-07,626,36107.0,10.1,13.0
meteosat 2,1985-07-27,7,16,1.0180169203910614e-07,626,36107.0,10.1,14.0
meteosat 2,1985-08-10,8,11,3.628819249478805e-08,626,36107.0,10.1,4.0
meteosat 2,1985-08-14,8,0,1.029127361111111e-08,626,36107.0,10.1,2.0
meteosat 2,1985-08-16,8,13,1.001089822064057e-08,626,36107.0,10.1,15.0
meteosat 2,1985-08-31,8,8,3.02129409122807e-07,626,36107.0,10.1,2.0
meteosat 2,1985-09-15,9,10,3.362135368567455e-07,626,36107.0,10.1,2.0
meteosat 2,1985-09-17,9,9,1.950812115972222e-06,626,36107.0,10.1,327.0
meteosat 2,1986-08-10,8,0,1.0152643055555556e-08,626,36107.0,10.1,13.0
meteosat 2,1986-08-23,8,18,1.0425573611111112e-08,626,36107.0,10.1,6.0
meteosat 2,1986-08-29,8,12,1.0017025712300208e-08,626,36107.0,10.1,3.0
meteosat 2,1986-09-01,9,12,3.323628833333333e-07,626,36107.0,10.1,18.0
meteosat 2,1986-09-19,9,0,3.259039159722223e-07,626,36107.0,10.1,5.0
meteosat 2,1986-09-24,9,0,2.6804364375e-07,626,36107.0,10.1,6.0
meteosat 2,1986-09-30,9,12,4.843310959792477e-07,626,36107.0,10.1,4.0
meteosat 2,1986-10-04,10,27,2.524241590277778e-07,626,36107.0,10.1,18.0
noaa 11,1988-09-27,9,187,2.634325465277778e-06,1420,831.0,98.63,122.0
noaa 11,1989-01-27,1,205,3.784326582278481e-06,1420,831.0,98.63,39.0
noaa 11,1989-03-07,3,127,6.881131004884857e-06,1420,831.0,98.63,7.0
noaa 11,1989-03-14,3,235,9.541604930555556e-06,1420,831.0,98.63,2.0
noaa 11,1989-03-16,3,242,1.4047803508771928e-05,1420,831.0,98.63,28.0
noaa 11,1989-04-13,4,117,2.5107202573807723e-06,1420,831.0,98.63,61.0
noaa 11,1989-06-13,6,367,5.143811319444444e-06,1420,831.0,98.63,55.0
noaa 11,1989-08-07,8,295,4.776034805555556e-06,1420,831.0,98.63,29.0
noaa 11,1989-09-05,9,270,4.3004441666666665e-06,1420,831.0,98.63,14.0
noaa 11,1989-09-19,9,194,3.071359722222222e-06,1420,831.0,98.63,8.0
noaa 11,1989-09-27,9,129,3.5880435416666667e-06,1420,831.0,98.63,4.0
noaa 11,1989-10-01,10,172,2.310321196827686e-06,1420,831.0,98.63,106.0
noaa 11,1990-01-15,1,201,2.365016173611112e-06,1420,831.0,98.63,130.0
noaa 11,1990-05-25,5,194,2.1659775694444445e-06,1420,831.0,98.63,55.0
noaa 11,1990-07-19,7,78,7.132327222222222e-07,1420,831.0,98.63,1.0
noaa 11,1990-07-20,7,104,6.643179722222223e-07,1420,831.0,98.63,8.0
noaa 11,1990-07-28,7,211,9.904965833333334e-07,1420,831.0,98.63,2.0
noaa 11,1990-07-30,7,150,4.584110125e-06,1420,831.0,98.63,1.0
noaa 11,1990-07-31,7,182,1.2888305555555556e-06,1420,831.0,98.63,7.0
noaa 11,1990-08-07,8,151,1.0115819166666666e-06,1420,831.0,98.63,3.0
noaa 11,1990-08-10,8,201,3.030549166666667e-06,1420,831.0,98.63,2.0
noaa 11,1990-08-12,8,210,1.152534201388889e-06,1420,831.0,98.63,1.0
noaa 11,1990-08-13,8,242,2.584509389473684e-06,1420,831.0,98.63,2.0
noaa 11,1990-08-15,8,288,1.0726975277777778e-06,1420,831.0,98.63,4.0
noaa 11,1990-08-19,8,365,2.7988428472222224e-06,1420,831.0,98.63,5.0
noaa 11,1990-08-24,8,347,9.66394418767507e-06,1420,831.0,98.63,3.0
