bird,t0,tte,sunspot,xray_flux,month
goes 4,1983-05-23,144.0,136,2.791855020833333e-06,5
goes 4,1987-05-05,346.0,28,1.0991218333333335e-07,5
goes 4,1988-04-15,15.0,179,1.4879809930555556e-06,4
goes 4,1988-04-30,104.0,58,3.155602847222222e-07,4
goes 5,1983-06-16,70.0,121,1.2190898361823362e-06,6
goes 5,1983-08-25,1.0,70,2.938407670850767e-07,8
goes 5,1983-08-26,128.0,71,2.735833862815885e-07,8
goes 5,1984-01-01,89.0,13,1.3397173699015473e-07,1
goes 5,1984-03-30,3.0,150,1.0937419222614842e-06,3
goes 5,1984-04-02,1.0,122,1.6423271458333335e-06,4
goes 5,1984-04-03,23.0,114,7.571876361639825e-07,4
goes 5,1984-04-26,66.0,161,2.8948264652777777e-06,4
goes 5,1984-07-01,8.0,49,2.792484e-07,7
goes 5,1984-07-09,13.0,94,1.2377924062968516e-06,7
goes 5,1984-07-22,8.0,33,1.2478548680555557e-07,7
goes 5,1984-07-30,236.0,24,1.1941933143759874e-06,7
goes 5,1985-03-23,20.0,22,3.8862674375e-07,3
goes 5,1985-04-12,55.0,0,3.5164448554913295e-07,4
goes 5,1985-06-06,96.0,43,2.132742695783133e-07,6
goes 5,1985-09-10,34.0,0,8.918263762517883e-07,9
goes 5,1985-10-14,269.0,15,3.181823895833333e-07,10
goes 5,1986-07-10,66.0,36,1.0714965646731573e-07,7
goes 5,1986-09-14,158.0,0,2.4329095902777775e-07,9
goes 5,1987-10-05,11.0,56,1.494942148696265e-06,10
goes 5,1987-10-16,107.0,106,6.320379780541332e-07,10
goes 6,1984-07-07,12.0,95,2.4392584027777777e-07,7
goes 6,1984-07-19,47.0,33,7.71697808320951e-08,7
goes 6,1984-09-04,205.0,84,4.257340173611111e-07,9
goes 6,1985-03-28,166.0,35,2.945867447844228e-07,3
goes 6,1985-09-10,15.0,0,8.918263762517883e-07,9
goes 6,1985-09-25,173.0,0,3.795129930555556e-07,9
goes 6,1986-03-17,100.0,0,3.221818243055556e-07,3
goes 6,1986-06-25,53.0,4,1.0002861111111113e-08,6
goes 6,1986-08-17,41.0,11,1.0004543055555557e-08,8
goes 6,1986-09-27,11.0,0,4.0853463055555565e-07,9
goes 6,1986-10-08,59.0,23,3.803094424588993e-07,10
goes 6,1986-12-06,144.0,0,1.0002715972222222e-08,12
goes 6,1987-04-29,15.0,23,1.914062200282088e-08,4
goes 6,1987-05-14,41.0,15,2.3774819095477386e-07,5
goes 6,1987-06-24,70.0,41,1.4244241139680334e-07,6
goes 6,1987-09-02,10.0,47,3.640610555555556e-07,9
goes 6,1987-09-12,2.0,55,3.838969722222223e-07,9
goes 6,1987-09-14,2.0,25,1.375259537979094e-06,9
goes 6,1987-09-16,2.0,30,2.85721469075747e-07,9
goes 6,1987-09-18,7.0,37,2.3097700489853046e-07,9
goes 6,1987-09-25,10.0,15,2.379096694444445e-07,9
goes 6,1987-10-05,22.0,56,1.494942148696265e-06,10
goes 6,1987-10-27,1.0,73,3.692299163179916e-07,10
goes 6,1987-10-28,4.0,83,5.361375978511128e-07,10
goes 6,1987-11-01,10.0,69,1.9832915081272085e-05,11
goes 6,1987-11-11,97.0,34,2.825985972222222e-07,11
goes 6,1988-03-04,5.0,92,3.511067906810036e-07,3
goes 6,1988-03-09,23.0,59,3.176678023076923e-07,3
goes 6,1988-04-01,18.0,136,6.31820608943863e-07,4
goes 6,1988-04-19,89.0,133,1.2628804529616723e-06,4
goes 6,1988-07-17,127.0,143,8.485175089477452e-07,7
goes 6,1988-11-21,61.0,182,3.607517131944445e-06,11
goes 6,1989-01-21,24.0,149,5.332812569444444e-06,1
goes 6,1989-08-05,23.0,312,3.855192947813822e-06,8
goes 6,1989-08-28,1.0,69,3.9683142049469964e-06,8
goes 6,1989-08-29,32.0,96,7.10128371040724e-06,8
goes 6,1989-09-30,19.0,191,3.0225579285714287e-06,9
goes 6,1989-10-19,1.0,212,6.172549025270758e-05,10
goes 6,1989-10-20,3.0,186,4.312703028009084e-06,10
goes 6,1989-10-23,2.0,193,7.144123127413127e-06,10
goes 6,1989-10-25,1.0,161,5.921697766570606e-06,10
goes 6,1990-11-19,125.0,148,2.579057096296297e-06,11
goes 6,1991-03-24,73.0,214,5.946147058823529e-06,3
goes 6,1991-06-05,6.0,238,3.322159375e-06,6
goes 6,1991-06-11,56.0,331,3.156131315417256e-05,6
goes 6,1991-08-06,43.0,162,1.7286005310971347e-06,8
goes 6,1991-09-18,281.0,136,1.715726879219805e-06,9
goes 6,1992-06-25,3.0,97,1.788095983629893e-05,6
goes 6,1992-06-28,239.0,65,1.1218315194444445e-05,6
goes 6,1993-03-16,130.0,82,1.8707405263157891e-06,3
goes 6,1993-07-24,12.0,92,2.0984821865443426e-07,7
goes 6,1993-08-05,176.0,40,2.262973541666667e-07,8
gps 5113,1984-10-30,45.0,12,1.43148e-08,10
gps 5113,1984-12-14,31.0,32,5.2675666919000765e-08,12
gps 5113,1985-01-14,5.0,28,8.510299930555557e-08,1
gps 5113,1985-01-19,4.0,29,1.0867748472222226e-07,1
gps 5113,1985-01-23,7.0,42,8.318396911764705e-07,1
gps 5113,1985-01-30,3.0,0,1.1966278472222225e-08,1
gps 5113,1985-04-14,13.0,13,1.7234590972222223e-08,4
gps 5113,1985-04-27,47.0,39,3.688630090340514e-07,4
gps 5113,1985-06-13,1.0,53,9.629167500000001e-08,6
gps 5113,1985-06-14,2.0,42,8.185392340126494e-08,6
gps 5113,1985-06-16,5.0,32,8.789022253521128e-08,6
gps 5113,1985-06-21,18.0,11,1.4815792226148412e-08,6
gps 5113,1985-07-09,1.0,107,2.1678910903873745e-06,7
gps 5113,1985-07-10,2.0,107,7.106487361111111e-07,7
gps 5113,1985-07-12,9.0,59,5.738939116465864e-07,7
gps 5113,1985-07-21,2.0,13,1.5802737394957982e-08,7
gps 5113,1985-07-23,4.0,23,8.712366611111112e-07,7
gps 5113,1985-07-27,12.0,16,1.0180169203910614e-07,7
gps 5113,1985-08-08,35.0,11,5.377622142857143e-08,8
gps 5113,1985-09-12,39.0,0,3.5508292286309935e-07,9
gps 5113,1985-10-21,5.0,59,1.4083632855093257e-07,10
gps 5113,1985-10-26,95.0,47,5.357173379790941e-07,10
gps 5113,1986-01-29,1.0,0,4.895386875e-08,1
gps 5113,1986-01-30,3.0,11,5.1439957974137936e-08,1
gps 5113,1986-03-02,15.0,30,6.364074375e-07,3
gps 5113,1986-03-17,1.0,0,3.221818243055556e-07,3
gps 5113,1986-03-18,15.0,0,1.1544640426300578e-06,3
gps 5113,1986-04-02,13.0,12,3.472296427378965e-07,4
gps 5113,1986-04-15,42.0,30,9.187595548611112e-07,4
gps 5113,1986-05-27,16.0,22,1.2063587583333334e-06,5
gps 5113,1986-06-12,7.0,0,1.0011253490080825e-08,6
gps 5113,1986-06-19,8.0,0,1.0003868055555557e-08,6
gps 5113,1986-06-27,5.0,0,1.1947308333333332e-08,6
gps 5113,1986-07-02,22.0,0,1.003605020920502e-08,7
gps 5113,1986-07-24,8.0,0,1.0873404033379696e-08,7
gps 5113,1986-08-01,1.0,16,1.4972446527777782e-08,8
gps 5113,1986-08-02,1.0,15,1.5503450694444443e-08,8
gps 5113,1986-08-03,15.0,15,3.483806680584551e-08,8
gps 5113,1986-08-18,20.0,0,1.0002403484320557e-08,8
gps 5113,1986-09-07,1.0,17,2.030108486111111e-07,9
gps 5113,1986-09-08,1.0,16,4.220595615010424e-07,9
gps 5113,1986-09-09,6.0,13,1.166016361130742e-06,9
gps 5113,1986-09-15,6.0,0,2.821336212471132e-07,9
gps 5113,1986-09-21,5.0,0,2.348798527777778e-07,9
gps 5113,1986-09-26,9.0,0,3.4310952986111105e-07,9
gps 5113,1986-10-05,12.0,27,2.695743118055556e-07,10
gps 5113,1986-10-17,25.0,18,6.622837628111274e-07,10
gps 5113,1986-11-11,5.0,9,8.751264770833333e-07,11
gps 5113,1986-11-16,8.0,12,4.7265218055555564e-08,11
gps 5113,1986-11-24,31.0,12,6.591935833333332e-08,11
gps 5113,1986-12-25,10.0,8,1.0286891666666666e-08,12
gps 5113,1987-01-04,1.0,11,1.0673007638888889e-08,1
gps 5113,1987-01-05,24.0,10,7.173461501042391e-07,1
gps 5113,1987-01-29,1.0,14,1.015050749464668e-08,1
gps 5113,1987-01-30,3.0,13,1.0003041843971631e-08,1
gps 5113,1987-03-13,8.0,0,4.157223968033357e-07,3
gps 5113,1987-03-21,3.0,18,1.9181293125e-07,3
gps 5113,1987-03-24,9.0,22,2.219691108786611e-07,3
gps 5113,1987-04-02,4.0,14,1.0641698311048561e-07,4
gps 5113,1987-04-06,3.0,55,2.272382074074074e-06,4
gps 5113,1987-04-09,7.0,80,4.867080061349694e-07,4
gps 5113,1987-04-16,2.0,70,8.403103180212014e-07,4
gps 5113,1987-04-18,1.0,42,8.068967013888889e-07,4
gps 5113,1987-04-19,6.0,34,3.362516350877193e-07,4
gps 5113,1987-04-25,3.0,29,2.66591875e-08,4
gps 5113,1987-04-28,2.0,16,1.5988044705882353e-08,4
gps 5113,1987-04-30,7.0,35,3.561525849858357e-08,4
gps 5113,1987-05-07,1.0,40,8.517240976645436e-08,5
gps 5113,1987-05-08,1.0,30,6.419136527777778e-08,5
gps 5113,1987-05-09,3.0,27,5.978814861111111e-08,5
gps 5113,1987-05-12,5.0,27,5.63862736248237e-08,5
gps 5113,1987-05-17,1.0,81,4.104147222222222e-07,5
gps 5113,1987-05-18,7.0,64,1.0256713498233217e-06,5
gps 5113,1987-05-25,8.0,44,1.5651599366197183e-06,5
gps 5113,1987-06-02,4.0,12,3.537750069444444e-08,6
gps 5113,1987-06-06,2.0,0,2.229018472222222e-08,6
gps 5113,1987-06-08,5.0,0,7.74821376146789e-07,6
gps 5113,1987-06-13,104.0,15,1.2302641319444448e-07,6
gps 5113,1987-09-25,6.0,15,2.379096694444445e-07,9
gps 5113,1987-10-01,1.0,36,3.712120268172194e-07,10
gps 5113,1987-10-02,6.0,26,2.5073050902777777e-07,10
gps 5113,1987-10-08,5.0,57,3.149527930535456e-07,10
gps 5113,1987-10-13,6.0,77,3.329652558479532e-07,10
gps 5113,1987-10-19,6.0,86,1.0811153370396108e-06,10
gps 5113,1987-10-25,26.0,30,2.635015e-07,10
gps 5113,1987-11-20,1.0,60,1.2092394444444445e-06,11
gps 5113,1987-11-21,10.0,62,1.2907317638888888e-06,11
gps 5113,1987-12-01,11.0,18,2.015785868055556e-07,12
gps 5113,1987-12-12,1.0,14,1.0684778333333333e-06,12
gps 5113,1987-12-13,2.0,22,3.810952430555556e-07,12
gps 5113,1987-12-15,9.0,45,2.132576532769556e-07,12
gps 5113,1987-12-24,5.0,14,3.754609103740297e-07,12
gps 5113,1987-12-29,7.0,32,5.699521805555556e-07,12
gps 5113,1988-01-05,6.0,38,2.8833619444444445e-07,1
gps 5113,1988-01-11,7.0,90,1.2865826736111112e-06,1
gps 5113,1988-01-18,4.0,81,1.0366389861111112e-06,1
gps 5113,1988-01-22,2.0,79,2.440192688022285e-07,1
gps 5113,1988-01-24,8.0,53,5.159370763888888e-07,1
gps 5113,1989-05-14,9.0,174,1.4197246527777776e-06,5
gps 5113,1989-05-23,13.0,254,4.494091597222222e-06,5
gps 5113,1989-06-05,2.0,248,5.908523275261324e-06,6
gps 5113,1989-06-07,7.0,189,5.488634930555556e-06,6
gps 5113,1989-06-14,28.0,364,4.689959861111111e-06,6
gps 5113,1989-07-12,1.0,158,9.555967847222222e-07,7
gps 5113,1989-07-13,18.0,165,1.1821827222222222e-06,7
gps 5113,1989-07-31,2.0,188,3.296326944444444e-06,7
gps 5113,1989-08-02,46.0,269,1.7542292078488372e-06,8
gps 5113,1989-09-17,33.0,202,2.5016781944444445e-06,9
gps 5113,1989-10-20,1.0,186,4.312703028009084e-06,10
gps 5113,1989-10-21,1.0,202,3.743804861111111e-06,10
gps 5113,1989-10-22,1.0,210,1.595841014948859e-05,10
gps 5113,1989-10-23,1.0,193,7.144123127413127e-06,10
gps 5113,1989-10-24,1.0,174,3.803593652777778e-05,10
gps 5113,1989-10-25,1.0,161,5.921697766570606e-06,10
gps 5113,1989-10-26,16.0,145,3.243305394839718e-06,10
gps 5113,1989-11-11,13.0,246,3.535487777777778e-06,11
gps 5113,1989-11-24,16.0,220,2.1451047916666667e-06,11
gps 5113,1989-12-10,25.0,189,1.1837045763888888e-06,12
gps 5113,1990-01-04,14.0,223,1.7130324305555554e-06,1
gps 5113,1990-01-18,11.0,227,2.209957291666667e-06,1
gps 5113,1990-01-29,5.0,237,3.254730451388889e-06,1
gps 5113,1990-03-03,2.0,223,2.9401892662473794e-06,3
gps 5113,1990-03-05,4.0,134,2.061760597222222e-06,3
gps 5113,1990-03-09,5.0,97,1.3542397444444446e-06,3
gps 5113,1990-03-14,20.0,123,2.3844665069444443e-06,3
gps 5113,1990-04-03,10.0,153,4.483875388888889e-06,4
gps 5113,1990-04-13,6.0,166,2.885844475721323e-06,4
gps 5113,1990-04-19,5.0,288,2.249295069444445e-06,4
gps 5113,1990-04-24,35.0,212,1.7396566666666666e-06,4
gps 5113,1990-05-29,13.0,156,7.505767501739736e-07,5
gps 5113,1990-06-11,6.0,183,2.8499003333333336e-06,6
gps 5113,1990-06-17,10.0,145,9.40928236111111e-07,6
gps 5113,1990-06-27,7.0,204,1.949742468175389e-06,6
gps 5113,1990-07-04,1.0,308,3.210579722222222e-06,7
gps 5113,1990-07-05,7.0,272,2.1219604717655467e-06,7
gps 5114,1984-10-25,48.0,10,3.019951319444444e-08,10
gps 5114,1984-12-12,23.0,33,7.975681457891011e-08,12
gps 5114,1985-01-04,2.0,0,1.2982806993006994e-08,1
gps 5114,1985-01-06,6.0,0,1.0032324362606233e-08,1
gps 5114,1985-01-12,26.0,14,1.3408334722222225e-08,1
gps 5114,1985-05-23,6.0,38,1.2192663611111114e-07,5
gps 5114,1985-05-29,8.0,12,4.236533333333333e-08,5
gps 5114,1985-06-06,6.0,43,2.132742695783133e-07,6
gps 5114,1985-06-12,1.0,63,1.0793333657858137e-07,6
gps 5114,1985-06-13,4.0,53,9.629167500000001e-08,6
gps 5114,1985-06-17,3.0,27,9.719316458333333e-08,6
gps 5114,1985-06-20,7.0,11,1.4673005555555556e-08,6
gps 5114,1985-06-27,1.0,9,2.0893218207088257e-08,6
gps 5114,1985-06-28,7.0,9,4.055489608540925e-08,6
gps 5114,1985-07-05,26.0,49,1.252610416666667e-07,7
gps 5114,1985-07-31,11.0,52,7.53554895908112e-08,7
gps 5114,1985-08-11,48.0,11,1.6909343750000002e-08,8
gps 5114,1985-09-28,19.0,0,3.323859541125541e-07,9
gps 5114,1985-10-17,104.0,22,9.983473472222225e-08,10
gps 5114,1986-01-29,4.0,0,4.895386875e-08,1
gps 5114,1986-03-21,13.0,12,2.812239569444444e-07,3
gps 5114,1986-04-03,10.0,12,3.157108546617916e-07,4
gps 5114,1986-04-13,18.0,16,3.185143576388889e-07,4
gps 5114,1986-05-01,40.0,18,6.58951102071006e-08,5
gps 5114,1986-06-10,1.0,4,9.341606678726482e-07,6
gps 5114,1986-06-11,10.0,0,1.0004941397445533e-08,6
gps 5114,1986-06-21,6.0,0,1.0067854333576112e-08,6
gps 5114,1986-06-27,25.0,0,1.1947308333333332e-08,6
gps 5114,1986-07-22,15.0,22,8.62430917361111e-07,7
gps 5114,1986-08-06,12.0,13,1.1935582517482518e-08,8
gps 5114,1986-08-18,6.0,0,1.0002403484320557e-08,8
gps 5114,1986-08-24,18.0,12,1.0088829166666666e-08,8
gps 5114,1986-09-11,9.0,11,2.100503666666667e-07,9
gps 5114,1986-09-20,11.0,0,2.709875951388889e-07,9
gps 5114,1986-10-01,4.0,14,1.2248e-08,10
gps 5114,1986-10-05,2.0,27,2.695743118055556e-07,10
gps 5114,1986-10-07,2.0,31,3.277124596638656e-07,10
gps 5114,1986-10-09,36.0,36,3.264115340277778e-07,10
gps 5114,1986-11-14,10.0,12,5.344920277777778e-08,11
gps 5114,1986-11-24,2.0,12,6.591935833333332e-08,11
gps 5114,1986-11-26,2.0,0,3.1937487736510166e-08,11
gps 5114,1986-11-28,19.0,0,1.3151930555555556e-08,11
gps 5114,1986-12-17,13.0,8,1.0340623349548298e-08,12
gps 5114,1986-12-30,17.0,0,8.537575104166666e-07,12
gps 5114,1987-01-16,13.0,0,1.1739619444444445e-08,1
gps 5114,1987-01-29,1.0,14,1.015050749464668e-08,1
gps 5114,1987-01-30,4.0,13,1.0003041843971631e-08,1
gps 5114,1987-04-20,2.0,14,1.28162e-06,4
gps 5114,1987-04-22,2.0,30,6.413090132036138e-08,4
gps 5114,1987-04-24,9.0,41,1.099645486111111e-07,4
gps 5114,1987-05-03,4.0,32,1.1676555000000001e-07,5
gps 5114,1987-05-07,1.0,40,8.517240976645436e-08,5
gps 5114,1987-05-08,7.0,30,6.419136527777778e-08,5
gps 5114,1987-05-15,7.0,46,3.2591128472222226e-07,5
gps 5114,1987-05-22,14.0,45,4.264878402777778e-07,5
gps 5114,1987-06-05,8.0,11,2.6175011118832523e-08,6
gps 5114,1987-06-13,9.0,15,1.2302641319444448e-07,6
gps 5114,1987-06-22,4.0,41,9.159770190947664e-07,6
gps 5114,1987-06-26,94.0,44,1.4176600213219617e-07,6
gps 5114,1987-09-28,1.0,27,1.785586370138889e-06,9
gps 5114,1987-09-29,6.0,32,3.681780451388889e-07,9
gps 5114,1987-10-05,2.0,56,1.494942148696265e-06,10
gps 5114,1987-10-07,3.0,41,2.3508900833333335e-07,10
gps 5114,1987-10-10,21.0,53,3.306189166666667e-07,10
gps 5114,1987-10-31,2.0,65,4.601728055555555e-07,10
gps 5114,1987-11-02,19.0,70,1.5219208355555556e-06,11
gps 5114,1987-11-21,30.0,62,1.2907317638888888e-06,11
gps 5114,1987-12-21,11.0,15,9.067473854707192e-07,12
gps 5114,1988-01-01,15.0,56,5.410834996486296e-07,1
gps 5114,1988-01-16,6.0,99,6.88911861111111e-07,1
gps 5114,1988-01-22,19.0,79,2.440192688022285e-07,1
gps 5114,1989-06-06,57.0,210,3.815037717466945e-06,6
gps 5114,1989-08-02,56.0,269,1.7542292078488372e-06,8
gps 5114,1989-09-27,9.0,129,3.5880435416666667e-06,9
gps 5114,1989-10-06,7.0,252,2.03289094858798e-06,10
gps 5118,1984-10-28,46.0,0,1.8133858465608466e-08,10
gps 5118,1984-12-13,4.0,32,5.462884583333333e-08,12
gps 5118,1984-12-17,6.0,28,3.377375193548387e-06,12
gps 5118,1984-12-23,2.0,13,2.9274504861111108e-08,12
gps 5118,1984-12-25,13.0,24,1.8492126760563385e-08,12
gps 5118,1985-01-07,5.0,0,9.254587859699356e-07,1
gps 5118,1985-01-12,8.0,14,1.3408334722222225e-08,1
gps 5118,1985-01-20,10.0,59,1.2003669699090272e-06,1
gps 5118,1985-01-30,7.0,0,1.1966278472222225e-08,1
gps 5118,1985-04-30,4.0,33,9.823070236111113e-07,4
gps 5118,1985-05-04,1.0,21,2.1414503472222225e-08,5
gps 5118,1985-05-05,24.0,19,3.2689438413361174e-08,5
gps 5118,1985-05-29,4.0,12,4.236533333333333e-08,5
gps 5118,1985-06-02,5.0,0,5.1947106290672454e-08,6
gps 5118,1985-06-07,5.0,44,1.2062227280130298e-07,6
gps 5118,1985-06-12,2.0,63,1.0793333657858137e-07,6
gps 5118,1985-06-14,6.0,42,8.185392340126494e-08,6
gps 5118,1985-06-20,9.0,11,1.4673005555555556e-08,6
gps 5118,1985-06-29,17.0,11,1.5315151532033426e-07,6
gps 5118,1985-07-16,18.0,12,9.248801819444444e-07,7
gps 5118,1985-08-03,56.0,25,5.398645371669004e-08,8
gps 5118,1985-09-28,122.0,0,3.323859541125541e-07,9
gps 5118,1986-01-28,4.0,0,9.766953277777778e-07,1
gps 5118,1986-03-18,7.0,0,1.1544640426300578e-06,3
gps 5118,1986-03-25,11.0,9,1.12615658125e-06,3
gps 5118,1986-04-05,21.0,0,1.016236103896104e-08,4
gps 5118,1986-04-26,33.0,52,2.0542207152777778e-07,4
gps 5118,1986-05-29,5.0,22,3.195358888888889e-08,5
gps 5118,1986-06-03,7.0,0,9.285963377097008e-07,6
gps 5118,1986-06-10,4.0,4,9.341606678726482e-07,6
gps 5118,1986-06-14,1.0,0,2.311020138888889e-08,6
gps 5118,1986-06-15,38.0,0,1.0050943055555556e-08,6
gps 5118,1986-07-23,5.0,14,1.065461597222222e-08,7
gps 5118,1986-07-28,6.0,13,2.1766397669337223e-08,7
gps 5118,1986-08-03,2.0,15,3.483806680584551e-08,8
gps 5118,1986-08-05,8.0,15,9.2300030237581e-07,8
gps 5118,1986-08-13,3.0,0,1.0001934659090908e-08,8
gps 5118,1986-08-16,6.0,12,1.0001597348220517e-08,8
gps 5118,1986-08-22,5.0,16,1.0122501388888889e-08,8
gps 5118,1986-08-27,5.0,12,1.0009129166666666e-08,8
gps 5118,1986-09-01,16.0,12,3.323628833333333e-07,9
gps 5118,1986-09-17,14.0,0,2.061444173611111e-07,9
gps 5118,1986-10-01,20.0,14,1.2248e-08,10
gps 5118,1986-10-21,3.0,53,1.1007378030303032e-06,10
gps 5118,1986-10-24,15.0,86,2.974200833333333e-07,10
gps 5118,1986-11-08,4.0,15,3.8400476388888886e-08,11
gps 5118,1986-11-12,2.0,0,3.6485043321299644e-08,11
gps 5118,1986-11-14,2.0,12,5.344920277777778e-08,11
gps 5118,1986-11-16,11.0,12,4.7265218055555564e-08,11
gps 5118,1986-11-27,32.0,13,1.8157734789391572e-08,11
gps 5118,1986-12-29,2.0,0,1.0295700694444444e-08,12
gps 5118,1986-12-31,2.0,9,1.0029272916666666e-08,12
gps 5118,1987-01-02,8.0,14,1.1230698611111112e-08,1
gps 5118,1987-01-10,18.0,0,1.05881125e-08,1
gps 5118,1987-01-28,4.0,19,2.0296869958275383e-08,1
gps 5118,1987-03-15,6.0,13,2.1718036805555557e-07,3
gps 5118,1987-03-21,20.0,18,1.9181293125e-07,3
gps 5118,1987-04-10,1.0,89,5.007774218207088e-07,4
gps 5118,1987-04-11,3.0,93,3.801908472222223e-07,4
gps 5118,1987-04-14,3.0,89,1.8489921527777776e-07,4
gps 5118,1987-04-17,5.0,48,6.137192916666666e-07,4
gps 5118,1987-04-22,20.0,30,6.413090132036138e-08,4
gps 5118,1987-05-12,2.0,27,5.63862736248237e-08,5
gps 5118,1987-05-14,3.0,15,2.3774819095477386e-07,5
gps 5118,1987-05-17,5.0,81,4.104147222222222e-07,5
gps 5118,1987-05-22,2.0,45,4.264878402777778e-07,5
gps 5118,1987-05-24,6.0,45,1.0099083125e-06,5
gps 5118,1987-05-30,1.0,18,3.680202121863799e-07,5
gps 5118,1987-05-31,9.0,14,1.6295625277777777e-07,5
gps 5118,1987-06-09,10.0,0,3.766177361111111e-08,6
gps 5118,1987-06-19,6.0,14,8.781030347222222e-08,6
gps 5118,1987-06-25,22.0,41,1.259734293078056e-07,6
gps 5118,1987-07-17,11.0,16,6.155586597222222e-08,7
gps 5118,1987-07-28,66.0,69,4.050747602501738e-07,7
gps 5118,1987-10-02,3.0,26,2.5073050902777777e-07,10
gps 5118,1987-10-05,17.0,56,1.494942148696265e-06,10
gps 5118,1987-10-22,3.0,52,2.075218920863309e-07,10
gps 5118,1987-10-25,2.0,30,2.635015e-07,10
gps 5118,1987-10-27,1.0,73,3.692299163179916e-07,10
gps 5118,1987-10-28,25.0,83,5.361375978511128e-07,10
gps 5118,1987-11-22,11.0,86,5.407769027777778e-07,11
gps 5118,1987-12-03,1.0,17,6.603219971771349e-08,12
gps 5118,1987-12-04,1.0,16,5.487188194444445e-08,12
gps 5118,1987-12-05,2.0,20,8.350060694444445e-08,12
gps 5118,1987-12-07,1.0,37,7.986677798611111e-07,12
gps 5118,1987-12-08,1.0,39,1.2215471189979122e-07,12
gps 5118,1987-12-09,6.0,44,1.8814200902777778e-07,12
gps 5118,1987-12-15,19.0,45,2.132576532769556e-07,12
gps 5118,1988-01-03,15.0,30,1.7241377361111113e-06,1
gps 5118,1988-01-18,13.0,81,1.0366389861111112e-06,1
gps 5118,1988-01-31,3.0,68,3.40655125e-07,1
gps 5118,1988-07-20,320.0,122,7.403705702364395e-07,7
gps 5118,1989-06-05,16.0,248,5.908523275261324e-06,6
gps 5118,1989-06-21,29.0,271,6.7441025000000005e-06,6
gps 5118,1989-07-20,11.0,212,1.3967442956764297e-06,7
gps 5118,1989-07-31,2.0,188,3.296326944444444e-06,7
gps 5118,1989-08-02,53.0,269,1.7542292078488372e-06,8
gps 5118,1989-09-24,14.0,96,1.910830986111111e-06,9
gps 5118,1989-10-08,6.0,221,1.8501598611111115e-06,10
gps 5118,1989-10-14,5.0,212,2.139398125e-06,10
gps 5118,1989-10-19,1.0,212,6.172549025270758e-05,10
gps 5118,1989-10-20,5.0,186,4.312703028009084e-06,10
gps 5118,1989-10-25,37.0,161,5.921697766570606e-06,10
gps 5118,1989-12-01,5.0,253,2.604852569444445e-06,12
gps 5118,1989-12-06,60.0,235,1.5046009103641457e-06,12
gps 5118,1990-03-13,13.0,113,1.6924998124999998e-06,3
gps 5118,1990-03-26,18.0,257,4.454646455872133e-06,3
gps 5118,1990-04-13,49.0,166,2.885844475721323e-06,4
gps 5118,1990-06-01,18.0,140,4.718853194444445e-07,6
gps 5118,1990-06-19,49.0,115,7.313639722222222e-07,6
gps 9794,1985-01-13,17.0,17,7.049368488289566e-08,1
gps 9794,1985-01-30,7.0,0,1.1966278472222225e-08,1
gps 9794,1985-04-28,1.0,34,2.4414280208333334e-07,4
gps 9794,1985-04-29,38.0,33,2.154790138888889e-07,4
gps 9794,1985-06-06,17.0,43,2.132742695783133e-07,6
gps 9794,1985-06-23,2.0,14,2.0923789954337895e-08,6
gps 9794,1985-06-25,2.0,14,1.5135727777777776e-08,6
gps 9794,1985-06-27,7.0,9,2.0893218207088257e-08,6
gps 9794,1985-07-04,4.0,42,1.1285300139470015e-07,7
gps 9794,1985-07-08,6.0,87,5.489908194444444e-07,7
gps 9794,1985-07-14,2.0,12,1.8864130869565213e-07,7
gps 9794,1985-07-16,1.0,12,9.248801819444444e-07,7
gps 9794,1985-07-17,7.0,14,2.0893465972222223e-08,7
gps 9794,1985-07-24,27.0,16,1.3372251388888891e-08,7
gps 9794,1985-08-20,15.0,9,9.081990857142856e-07,8
gps 9794,1985-09-04,146.0,0,2.5957810972222224e-07,9
gps 9794,1986-01-28,1.0,0,9.766953277777778e-07,1
gps 9794,1986-01-29,29.0,0,4.895386875e-08,1
gps 9794,1986-04-17,10.0,16,3.085133194444444e-08,4
gps 9794,1986-04-27,33.0,40,1.7562303905160394e-07,4
gps 9794,1986-05-30,15.0,15,1.7311301388888892e-08,5
gps 9794,1986-06-14,3.0,0,2.311020138888889e-08,6
gps 9794,1986-06-17,2.0,0,8.857946711173577e-07,6
gps 9794,1986-06-19,5.0,0,1.0003868055555557e-08,6
gps 9794,1986-06-24,4.0,0,8.734078958333334e-07,6
gps 9794,1986-06-28,3.0,0,1.0001749305555555e-08,6
gps 9794,1986-07-01,8.0,0,1.0167313647246608e-08,7
gps 9794,1986-07-09,9.0,17,1.9904984722222226e-08,7
gps 9794,1986-07-18,4.0,14,2.9671486111111116e-08,7
gps 9794,1986-07-22,3.0,22,8.62430917361111e-07,7
gps 9794,1986-07-25,11.0,0,2.8999306179775284e-08,7
gps 9794,1986-08-05,8.0,15,9.2300030237581e-07,8
gps 9794,1986-08-13,6.0,0,1.0001934659090908e-08,8
gps 9794,1986-08-19,5.0,0,8.572496761640029e-07,8
gps 9794,1986-08-24,7.0,12,1.0088829166666666e-08,8
gps 9794,1986-08-31,4.0,12,3.948766604166667e-07,8
gps 9794,1986-09-04,10.0,11,3.0909778318276577e-07,9
gps 9794,1986-09-14,1.0,0,2.4329095902777775e-07,9
gps 9794,1986-09-15,6.0,0,2.821336212471132e-07,9
gps 9794,1986-09-21,3.0,0,2.348798527777778e-07,9
gps 9794,1986-09-24,1.0,0,2.6804364375e-07,9
gps 9794,1986-09-25,3.0,0,3.904041944240645e-07,9
gps 9794,1986-09-28,7.0,0,3.0878695833333333e-07,9
gps 9794,1986-10-05,19.0,27,2.695743118055556e-07,10
gps 9794,1986-10-24,63.0,86,2.974200833333333e-07,10
gps 9794,1986-12-26,17.0,0,1.023133611111111e-08,12
gps 9794,1987-01-12,1.0,0,1.0001820916905444e-08,1
gps 9794,1987-01-13,15.0,0,1.4356606944444444e-08,1
gps 9794,1987-01-28,1.0,19,2.0296869958275383e-08,1
gps 9794,1987-01-29,5.0,14,1.015050749464668e-08,1
gps 9794,1987-03-12,6.0,0,1.65687423920736e-07,3
gps 9794,1987-03-18,3.0,25,2.7547369166666666e-07,3
gps 9794,1987-03-21,13.0,18,1.9181293125e-07,3
gps 9794,1987-04-03,2.0,12,3.112727938718663e-07,4
gps 9794,1987-04-05,6.0,32,4.26807583728278e-07,4
gps 9794,1987-04-11,5.0,93,3.801908472222223e-07,4
gps 9794,1987-04-16,1.0,70,8.403103180212014e-07,4
gps 9794,1987-04-17,4.0,48,6.137192916666666e-07,4
gps 9794,1987-04-21,7.0,22,2.0839996111111117e-07,4
gps 9794,1987-04-28,2.0,16,1.5988044705882353e-08,4
gps 9794,1987-04-30,16.0,35,3.561525849858357e-08,4
gps 9794,1987-05-16,2.0,59,4.31496092475068e-07,5
gps 9794,1987-05-18,2.0,64,1.0256713498233217e-06,5
gps 9794,1987-05-20,18.0,55,2.6778846527777777e-07,5
gps 9794,1987-06-07,11.0,0,2.3335629861111117e-08,6
gps 9794,1987-06-18,103.0,26,9.904688181174807e-08,6
gps 9794,1987-09-29,22.0,32,3.681780451388889e-07,9
gps 9794,1987-10-21,1.0,64,2.1356939673527325e-07,10
gps 9794,1987-10-22,14.0,52,2.075218920863309e-07,10
gps 9794,1987-11-05,16.0,58,9.674109330484331e-07,11
gps 9794,1987-11-21,12.0,62,1.2907317638888888e-06,11
gps 9794,1987-12-03,5.0,17,6.603219971771349e-08,12
gps 9794,1987-12-08,2.0,39,1.2215471189979122e-07,12
gps 9794,1987-12-10,17.0,37,2.836515909732017e-07,12
gps 9794,1987-12-27,3.0,31,1.0284505e-06,12
gps 9794,1987-12-30,3.0,45,4.691228194444445e-07,12
gps 9794,1988-01-02,5.0,37,5.509487604166666e-06,1
gps 9794,1988-01-07,19.0,69,4.5808396612561766e-07,1
gps 9794,1988-01-26,11.0,53,4.311344027777778e-07,1
gps 9794,1989-05-03,30.0,120,6.327454273801251e-06,5
gps 9794,1989-06-02,9.0,215,5.1161689095127616e-06,6
gps 9794,1989-06-11,13.0,295,3.330250277777778e-06,6
gps 9794,1989-06-24,4.0,312,1.9558772916666667e-06,6
gps 9794,1989-06-28,2.0,271,2.414767986111111e-06,6
gps 9794,1989-06-30,46.0,226,4.050367797833935e-06,6
gps 9794,1989-08-15,1.0,279,2.0404674027777775e-05,8
gps 9794,1989-08-16,40.0,243,7.3246275e-05,8
gps 9794,1989-09-25,24.0,102,3.454579570833333e-06,9
gps 9794,1989-10-19,1.0,212,6.172549025270758e-05,10
gps 9794,1989-10-20,3.0,186,4.312703028009084e-06,10
gps 9794,1989-10-23,1.0,193,7.144123127413127e-06,10
gps 9794,1989-10-24,1.0,174,3.803593652777778e-05,10
gps 9794,1989-10-25,18.0,161,5.921697766570606e-06,10
gps 9794,1989-11-12,3.0,238,4.3127552083333335e-06,11
gps 9794,1989-11-15,87.0,182,1.0633047847222222e-05,11
gps 9794,1990-04-13,3.0,166,2.885844475721323e-06,4
gps 9794,1990-04-16,1.0,230,5.333934353268428e-06,4
gps 9794,1990-04-17,24.0,269,2.5283033519553075e-06,4
gps 9794,1990-05-11,13.0,167,7.511043481537302e-06,5
gps 9794,1990-05-24,16.0,209,8.024954879773692e-06,5
gps 9794,1990-06-09,53.0,126,1.979941486111111e-06,6
gps 9794,1990-08-01,5.0,184,2.49540875e-06,8
marecs a,1984-03-01,184.0,103,1.61222257489301e-06,3
marecs a,1984-09-01,69.0,65,5.128560346070656e-07,9
marecs a,1984-11-09,297.0,15,2.254193125e-08,11
marecs a,1986-03-03,4.0,31,6.543501402777778e-07,3
marecs a,1986-03-07,2.0,35,3.7319108680555553e-07,3
marecs a,1986-03-09,3.0,20,4.945185979166667e-07,3
marecs a,1986-03-12,10.0,12,3.4872683382352945e-07,3
marecs a,1986-03-22,4.0,9,1.019841697761194e-08,3
marecs a,1986-03-26,1.0,9,3.5050765902777777e-07,3
marecs a,1986-03-27,7.0,10,2.615968376669009e-07,3
marecs a,1986-04-03,7.0,12,3.157108546617916e-07,4
marecs a,1986-04-10,22.0,11,2.332840508474576e-07,4
marecs a,1986-05-02,3.0,31,1.7190394600280505e-07,5
marecs a,1986-05-05,1.0,12,2.8860620900076275e-08,5
marecs a,1986-05-06,1.0,0,8.900903684210527e-07,5
marecs a,1986-05-07,58.0,0,1.0005985273492288e-08,5
marecs a,1986-07-04,23.0,14,1.245050625e-08,7
marecs a,1986-07-27,2.0,12,1.3929733766233764e-08,7
marecs a,1986-07-29,1.0,17,8.985477069444444e-07,7
marecs a,1986-07-30,14.0,19,1.6756690896259706e-08,7
marecs a,1986-08-13,8.0,0,1.0001934659090908e-08,8
marecs a,1986-08-21,1.0,16,1.0184556250000002e-08,8
marecs a,1986-08-22,1.0,16,1.0122501388888889e-08,8
marecs a,1986-08-23,1.0,18,1.0425573611111112e-08,8
marecs a,1986-08-24,5.0,12,1.0088829166666666e-08,8
marecs a,1986-08-29,1.0,12,1.0017025712300208e-08,8
marecs a,1986-08-30,5.0,12,1.1332688194444446e-08,8
marecs a,1986-09-04,8.0,11,3.0909778318276577e-07,9
marecs a,1986-09-12,3.0,0,3.577482576388889e-07,9
marecs a,1986-09-15,4.0,0,2.821336212471132e-07,9
marecs a,1986-09-19,4.0,0,3.259039159722223e-07,9
marecs a,1986-09-23,2.0,0,1.5866150298611112e-06,9
marecs a,1986-09-25,2.0,0,3.904041944240645e-07,9
marecs a,1986-09-27,3.0,0,4.0853463055555565e-07,9
marecs a,1986-09-30,2.0,12,4.843310959792477e-07,9
marecs a,1986-10-02,1.0,16,1.5769010646387833e-06,10
marecs a,1986-10-03,2.0,26,1.0667202680555555e-06,10
marecs a,1986-10-05,10.0,27,2.695743118055556e-07,10
marecs a,1986-10-15,3.0,0,5.8681876482903e-07,10
marecs a,1986-10-18,1.0,25,3.4804152777777775e-07,10
marecs a,1986-10-19,5.0,35,2.7222878263888888e-06,10
marecs a,1986-10-24,3.0,86,2.974200833333333e-07,10
marecs a,1986-10-27,8.0,74,2.2310058333333333e-07,10
marecs a,1986-11-04,21.0,38,1.0220848493055556e-06,11
marecs a,1986-11-25,4.0,0,9.086767027777778e-07,11
marecs a,1989-03-03,14.0,134,2.3931758573426576e-06,3
marecs a,1989-03-17,12.0,218,1.956569948663854e-05,3
marecs a,1989-03-29,2.0,123,1.642196763888889e-06,3
meteosat 1,1978-07-05,3.0,76,2.0983521201413428e-06,7
meteosat 1,1978-07-08,11.0,149,2.14398055944056e-06,7
meteosat 1,1978-07-19,19.0,109,7.973592708333334e-07,7
meteosat 1,1978-08-07,5.0,82,1.4284169791666669e-06,8
meteosat 1,1978-08-12,8.0,101,3.024885069444445e-07,8
meteosat 1,1978-08-20,9.0,43,5.285832624113475e-07,8
meteosat 1,1978-08-29,1.0,84,5.776807924528303e-07,8
meteosat 1,1978-08-30,1.0,102,1.2481754511278196e-06,8
meteosat 1,1978-08-31,3.0,142,9.036249652777778e-07,8
meteosat 1,1978-09-03,2.0,225,1.9903203883495143e-06,9
meteosat 1,1978-09-05,8.0,251,1.2550044326241136e-06,9
meteosat 1,1978-09-13,1.0,130,7.990039130434783e-07,9
meteosat 1,1978-09-14,13.0,160,9.333498188405796e-07,9
meteosat 1,1978-09-27,3.0,201,2.4705006569343067e-06,9
meteosat 1,1978-09-30,1.0,133,8.235302369668247e-07,9
meteosat 1,1978-10-01,5.0,136,2.738943236363636e-06,10
meteosat 1,1978-10-06,15.0,105,1.0434574368231047e-06,10
meteosat 1,1978-10-21,9.0,204,1.3654429861111112e-06,10
meteosat 1,1978-10-30,9.0,181,1.3495335069444444e-06,10
meteosat 1,1978-11-08,7.0,167,1.1391645138888888e-06,11
meteosat 1,1978-11-15,10.0,84,1.449121323529412e-06,11
meteosat 1,1978-11-25,25.0,120,5.779605555555555e-07,11
meteosat 1,1978-12-20,6.0,119,7.590177083333333e-07,12
meteosat 1,1978-12-26,1.0,132,1.1550577092511012e-06,12
meteosat 1,1978-12-27,7.0,156,2.8141934375e-06,12
meteosat 2,1983-07-18,36.0,130,2.043662807807808e-06,7
meteosat 2,1983-08-23,2.0,68,5.280911875e-07,8
meteosat 2,1983-08-25,23.0,70,2.938407670850767e-07,8
meteosat 2,1983-09-17,14.0,49,5.388679163763067e-07,9
meteosat 2,1983-10-01,26.0,38,8.884300347222223e-07,10
meteosat 2,1983-10-27,24.0,16,1.3921657638888889e-07,10
meteosat 2,1983-11-20,47.0,16,8.85873923611111e-08,11
meteosat 2,1984-01-06,53.0,38,2.708022418670439e-07,1
meteosat 2,1984-03-22,10.0,122,1.2240121031390136e-06,3
meteosat 2,1984-04-01,2.0,134,9.625090106007066e-07,4
meteosat 2,1984-04-03,4.0,114,7.571876361639825e-07,4
meteosat 2,1984-04-07,13.0,65,7.043885819444444e-07,4
meteosat 2,1984-04-20,8.0,89,4.551993249826026e-06,4
meteosat 2,1984-04-28,4.0,162,1.3606453194444444e-06,4
meteosat 2,1984-05-02,21.0,113,2.3494683541666667e-06,5
meteosat 2,1984-05-23,5.0,105,7.228375884016973e-07,5
meteosat 2,1984-05-28,23.0,88,2.304131777434312e-06,5
meteosat 2,1984-06-20,4.0,75,3.152582270497547e-07,6
meteosat 2,1984-06-24,22.0,82,2.0557434027777779e-07,6
meteosat 2,1984-07-16,1.0,37,2.4166968034351145e-06,7
meteosat 2,1984-07-17,9.0,31,2.2354455406360426e-07,7
meteosat 2,1984-07-26,8.0,37,7.943276694915254e-08,7
meteosat 2,1984-08-03,33.0,26,1.2021738727915193e-07,8
meteosat 2,1984-09-05,19.0,76,5.549795763888889e-07,9
meteosat 2,1984-09-24,1.0,12,1.2551141042390547e-06,9
meteosat 2,1984-09-25,2.0,10,3.418797243055556e-07,9
meteosat 2,1984-09-27,3.0,0,2.55121334057971e-07,9
meteosat 2,1984-09-30,4.0,12,3.531270854166667e-07,9
meteosat 2,1984-10-04,4.0,12,3.546511578555473e-07,10
meteosat 2,1984-10-08,13.0,13,1.219232360150376e-06,10
meteosat 2,1984-10-21,1.0,20,5.621285069444444e-08,10
meteosat 2,1984-10-22,5.0,13,9.111393380281692e-07,10
meteosat 2,1984-10-27,17.0,8,1.93264625e-08,10
meteosat 2,1984-11-13,3.0,19,1.820378947368421e-08,11
meteosat 2,1984-11-16,34.0,13,3.9876427777777786e-08,11
meteosat 2,1984-12-20,39.0,13,3.2423275836972343e-08,12
meteosat 2,1985-01-28,11.0,0,9.014427375087968e-07,1
meteosat 2,1985-04-08,16.0,11,3.098438838664812e-07,4
meteosat 2,1985-04-24,4.0,38,6.994545368647101e-06,4
meteosat 2,1985-04-28,1.0,34,2.4414280208333334e-07,4
meteosat 2,1985-04-29,4.0,33,2.154790138888889e-07,4
meteosat 2,1985-05-03,7.0,17,5.7011570427470215e-08,5
meteosat 2,1985-05-10,25.0,58,1.7870741564967698e-07,5
meteosat 2,1985-06-04,4.0,30,9.74924605059733e-07,6
meteosat 2,1985-06-08,27.0,49,9.467257936507936e-08,6
meteosat 2,1985-07-05,2.0,49,1.252610416666667e-07,7
meteosat 2,1985-07-07,7.0,92,4.280352187028658e-07,7
meteosat 2,1985-07-14,13.0,12,1.8864130869565213e-07,7
meteosat 2,1985-07-27,14.0,16,1.0180169203910614e-07,7
meteosat 2,1985-08-10,4.0,11,3.628819249478805e-08,8
meteosat 2,1985-08-14,2.0,0,1.029127361111111e-08,8
meteosat 2,1985-08-16,15.0,13,1.001089822064057e-08,8
meteosat 2,1985-08-31,2.0,8,3.02129409122807e-07,8
meteosat 2,1985-09-15,2.0,10,3.362135368567455e-07,9
meteosat 2,1985-09-17,327.0,9,1.950812115972222e-06,9
meteosat 2,1986-08-10,13.0,0,1.0152643055555556e-08,8
meteosat 2,1986-08-23,6.0,18,1.0425573611111112e-08,8
meteosat 2,1986-08-29,3.0,12,1.0017025712300208e-08,8
meteosat 2,1986-09-01,18.0,12,3.323628833333333e-07,9
meteosat 2,1986-09-19,5.0,0,3.259039159722223e-07,9
meteosat 2,1986-09-24,6.0,0,2.6804364375e-07,9
meteosat 2,1986-09-30,4.0,12,4.843310959792477e-07,9
meteosat 2,1986-10-04,18.0,27,2.524241590277778e-07,10
noaa 11,1988-09-27,122.0,187,2.634325465277778e-06,9
noaa 11,1989-01-27,39.0,205,3.784326582278481e-06,1
noaa 11,1989-03-07,7.0,127,6.881131004884857e-06,3
noaa 11,1989-03-14,2.0,235,9.541604930555556e-06,3
noaa 11,1989-03-16,28.0,242,1.4047803508771928e-05,3
noaa 11,1989-04-13,61.0,117,2.5107202573807723e-06,4
noaa 11,1989-06-13,55.0,367,5.143811319444444e-06,6
noaa 11,1989-08-07,29.0,295,4.776034805555556e-06,8
noaa 11,1989-09-05,14.0,270,4.3004441666666665e-06,9
noaa 11,1989-09-19,8.0,194,3.071359722222222e-06,9
noaa 11,1989-09-27,4.0,129,3.5880435416666667e-06,9
noaa 11,1989-10-01,106.0,172,2.310321196827686e-06,10
noaa 11,1990-01-15,130.0,201,2.3650161736111117e-06,1
noaa 11,1990-05-25,55.0,194,2.1659775694444445e-06,5
noaa 11,1990-07-19,1.0,78,7.132327222222222e-07,7
noaa 11,1990-07-20,8.0,104,6.643179722222223e-07,7
noaa 11,1990-07-28,2.0,211,9.904965833333334e-07,7
noaa 11,1990-07-30,1.0,150,4.584110125e-06,7
noaa 11,1990-07-31,7.0,182,1.2888305555555556e-06,7
noaa 11,1990-08-07,3.0,151,1.0115819166666666e-06,8
noaa 11,1990-08-10,2.0,201,3.030549166666667e-06,8
noaa 11,1990-08-12,1.0,210,1.152534201388889e-06,8
noaa 11,1990-08-13,2.0,242,2.584509389473684e-06,8
noaa 11,1990-08-15,4.0,288,1.0726975277777778e-06,8
noaa 11,1990-08-19,5.0,365,2.7988428472222224e-06,8
noaa 11,1990-08-24,3.0,347,9.66394418767507e-06,8
