bird,t0,tte
goes 4,1981-03-29,3.0
goes 4,1981-04-01,12.0
goes 4,1981-04-13,1.0
goes 4,1981-04-14,3.0
goes 4,1981-04-17,2.0
goes 4,1981-04-19,1.0
goes 4,1981-04-20,1.0
goes 4,1981-04-21,3.0
goes 4,1981-04-24,2.0
goes 4,1981-04-26,50.0
goes 4,1981-06-15,110.0
goes 4,1981-10-03,51.0
goes 4,1981-11-23,37.0
goes 4,1981-12-30,32.0
goes 4,1982-01-31,4.0
goes 4,1982-02-04,45.0
goes 4,1982-03-21,4.0
goes 4,1982-03-25,5.0
goes 4,1982-03-30,7.0
goes 4,1982-04-06,17.0
goes 4,1982-04-23,2.0
goes 4,1982-04-25,6.0
goes 4,1982-05-01,116.0
goes 4,1982-08-25,13.0
goes 4,1982-09-07,16.0
goes 4,1982-09-23,4.0
goes 4,1982-09-27,3.0
goes 4,1982-09-30,8.0
goes 4,1982-10-08,22.0
goes 4,1982-10-30,3.0
goes 4,1982-11-02,24.0
goes 4,1982-11-26,50.0
goes 4,1983-01-15,128.0
goes 4,1983-05-23,144.0
goes 4,1987-05-05,346.0
goes 4,1988-04-15,15.0
goes 4,1988-04-30,104.0
goes 5,1981-06-15,66.0
goes 5,1981-08-20,3.0
goes 5,1981-08-23,5.0
goes 5,1981-08-28,1.0
goes 5,1981-08-29,13.0
goes 5,1981-09-11,1.0
goes 5,1981-09-12,6.0
goes 5,1981-09-18,22.0
goes 5,1981-10-10,1.0
goes 5,1981-10-11,1.0
goes 5,1981-10-12,9.0
goes 5,1981-10-21,22.0
goes 5,1981-11-12,7.0
goes 5,1981-11-19,3.0
goes 5,1981-11-22,1.0
goes 5,1981-11-23,37.0
goes 5,1981-12-30,36.0
goes 5,1982-02-04,1.0
goes 5,1982-02-05,9.0
goes 5,1982-02-14,12.0
goes 5,1982-02-26,24.0
goes 5,1982-03-22,12.0
goes 5,1982-04-03,3.0
goes 5,1982-04-06,19.0
goes 5,1982-04-25,2.0
goes 5,1982-04-27,1.0
goes 5,1982-04-28,90.0
goes 5,1982-07-27,39.0
goes 5,1982-09-04,28.0
goes 5,1982-10-02,1.0
goes 5,1982-10-03,4.0
goes 5,1982-10-07,86.0
goes 5,1983-01-01,17.0
goes 5,1983-01-18,20.0
goes 5,1983-02-07,1.0
goes 5,1983-02-08,42.0
goes 5,1983-03-22,1.0
goes 5,1983-03-23,1.0
goes 5,1983-03-24,6.0
goes 5,1983-03-30,5.0
goes 5,1983-04-04,3.0
goes 5,1983-04-07,3.0
goes 5,1983-04-10,2.0
goes 5,1983-04-12,3.0
goes 5,1983-04-15,12.0
goes 5,1983-04-27,50.0
goes 5,1983-06-16,70.0
goes 5,1983-08-25,1.0
goes 5,1983-08-26,128.0
goes 5,1984-01-01,89.0
goes 5,1984-03-30,3.0
goes 5,1984-04-02,1.0
goes 5,1984-04-03,23.0
goes 5,1984-04-26,66.0
goes 5,1984-07-01,8.0
goes 5,1984-07-09,13.0
goes 5,1984-07-22,8.0
goes 5,1984-07-30,236.0
goes 5,1985-03-23,20.0
goes 5,1985-04-12,55.0
goes 5,1985-06-06,96.0
goes 5,1985-09-10,34.0
goes 5,1985-10-14,269.0
goes 5,1986-07-10,66.0
goes 5,1986-09-14,158.0
goes 5,1987-02-19,228.0
goes 5,1987-10-05,11.0
goes 5,1987-10-16,107.0
goes 6,1984-07-07,12.0
goes 6,1984-07-19,47.0
goes 6,1984-09-04,205.0
goes 6,1985-03-28,166.0
goes 6,1985-09-10,15.0
goes 6,1985-09-25,173.0
goes 6,1986-03-17,100.0
goes 6,1986-06-25,53.0
goes 6,1986-08-17,41.0
goes 6,1986-09-27,11.0
goes 6,1986-10-08,59.0
goes 6,1986-12-06,144.0
goes 6,1987-04-29,15.0
goes 6,1987-05-14,41.0
goes 6,1987-06-24,70.0
goes 6,1987-09-02,10.0
goes 6,1987-09-12,2.0
goes 6,1987-09-14,2.0
goes 6,1987-09-16,2.0
goes 6,1987-09-18,7.0
goes 6,1987-09-25,10.0
goes 6,1987-10-05,22.0
goes 6,1987-10-27,1.0
goes 6,1987-10-28,4.0
goes 6,1987-11-01,10.0
goes 6,1987-11-11,97.0
goes 6,1988-02-16,17.0
goes 6,1988-03-04,5.0
goes 6,1988-03-09,23.0
goes 6,1988-04-01,18.0
goes 6,1988-04-19,89.0
goes 6,1988-07-17,127.0
goes 6,1988-11-21,61.0
goes 6,1989-01-21,24.0
goes 6,1989-02-14,172.0
goes 6,1989-08-05,23.0
goes 6,1989-08-28,1.0
goes 6,1989-08-29,32.0
goes 6,1989-09-30,19.0
goes 6,1989-10-19,1.0
goes 6,1989-10-20,3.0
goes 6,1989-10-23,2.0
goes 6,1989-10-25,1.0
goes 6,1990-11-19,125.0
goes 6,1991-03-24,73.0
goes 6,1991-06-05,6.0
goes 6,1991-06-11,56.0
goes 6,1991-08-06,43.0
goes 6,1991-09-18,281.0
goes 6,1992-06-25,3.0
goes 6,1992-06-28,239.0
goes 6,1993-02-22,22.0
goes 6,1993-03-16,130.0
goes 6,1993-07-24,12.0
goes 6,1993-08-05,176.0
goes 6,1994-01-28,57.0
gps 5113,1984-10-30,45.0
gps 5113,1984-12-14,31.0
gps 5113,1985-01-14,5.0
gps 5113,1985-01-19,4.0
gps 5113,1985-01-23,7.0
gps 5113,1985-01-30,3.0
gps 5113,1985-02-02,5.0
gps 5113,1985-02-07,5.0
gps 5113,1985-02-12,3.0
gps 5113,1985-02-15,13.0
gps 5113,1985-02-28,45.0
gps 5113,1985-04-14,13.0
gps 5113,1985-04-27,47.0
gps 5113,1985-06-13,1.0
gps 5113,1985-06-14,2.0
gps 5113,1985-06-16,5.0
gps 5113,1985-06-21,18.0
gps 5113,1985-07-09,1.0
gps 5113,1985-07-10,2.0
gps 5113,1985-07-12,9.0
gps 5113,1985-07-21,2.0
gps 5113,1985-07-23,4.0
gps 5113,1985-07-27,12.0
gps 5113,1985-08-08,35.0
gps 5113,1985-09-12,39.0
gps 5113,1985-10-21,5.0
gps 5113,1985-10-26,95.0
gps 5113,1986-01-29,1.0
gps 5113,1986-01-30,3.0
gps 5113,1986-02-02,12.0
gps 5113,1986-02-14,1.0
gps 5113,1986-02-15,9.0
gps 5113,1986-02-24,6.0
gps 5113,1986-03-02,15.0
gps 5113,1986-03-17,1.0
gps 5113,1986-03-18,15.0
gps 5113,1986-04-02,13.0
gps 5113,1986-04-15,42.0
gps 5113,1986-05-27,16.0
gps 5113,1986-06-12,7.0
gps 5113,1986-06-19,8.0
gps 5113,1986-06-27,5.0
gps 5113,1986-07-02,22.0
gps 5113,1986-07-24,8.0
gps 5113,1986-08-01,1.0
gps 5113,1986-08-02,1.0
gps 5113,1986-08-03,15.0
gps 5113,1986-08-18,20.0
gps 5113,1986-09-07,1.0
gps 5113,1986-09-08,1.0
gps 5113,1986-09-09,6.0
gps 5113,1986-09-15,6.0
gps 5113,1986-09-21,5.0
gps 5113,1986-09-26,9.0
gps 5113,1986-10-05,12.0
gps 5113,1986-10-17,25.0
gps 5113,1986-11-11,5.0
gps 5113,1986-11-16,8.0
gps 5113,1986-11-24,31.0
gps 5113,1986-12-25,10.0
gps 5113,1987-01-04,1.0
gps 5113,1987-01-05,24.0
gps 5113,1987-01-29,1.0
gps 5113,1987-01-30,3.0
gps 5113,1987-02-02,39.0
gps 5113,1987-03-13,8.0
gps 5113,1987-03-21,3.0
gps 5113,1987-03-24,9.0
gps 5113,1987-04-02,4.0
gps 5113,1987-04-06,3.0
gps 5113,1987-04-09,7.0
gps 5113,1987-04-16,2.0
gps 5113,1987-04-18,1.0
gps 5113,1987-04-19,6.0
gps 5113,1987-04-25,3.0
gps 5113,1987-04-28,2.0
gps 5113,1987-04-30,7.0
gps 5113,1987-05-07,1.0
gps 5113,1987-05-08,1.0
gps 5113,1987-05-09,3.0
gps 5113,1987-05-12,5.0
gps 5113,1987-05-17,1.0
gps 5113,1987-05-18,7.0
gps 5113,1987-05-25,8.0
gps 5113,1987-06-02,4.0
gps 5113,1987-06-06,2.0
gps 5113,1987-06-08,5.0
gps 5113,1987-06-13,104.0
gps 5113,1987-09-25,6.0
gps 5113,1987-10-01,1.0
gps 5113,1987-10-02,6.0
gps 5113,1987-10-08,5.0
gps 5113,1987-10-13,6.0
gps 5113,1987-10-19,6.0
gps 5113,1987-10-25,26.0
gps 5113,1987-11-20,1.0
gps 5113,1987-11-21,10.0
gps 5113,1987-12-01,11.0
gps 5113,1987-12-12,1.0
gps 5113,1987-12-13,2.0
gps 5113,1987-12-15,9.0
gps 5113,1987-12-24,5.0
gps 5113,1987-12-29,7.0
gps 5113,1988-01-05,6.0
gps 5113,1988-01-11,7.0
gps 5113,1988-01-18,4.0
gps 5113,1988-01-22,2.0
gps 5113,1988-01-24,8.0
gps 5113,1988-02-01,9.0
gps 5113,1989-05-14,9.0
gps 5113,1989-05-23,13.0
gps 5113,1989-06-05,2.0
gps 5113,1989-06-07,7.0
gps 5113,1989-06-14,28.0
gps 5113,1989-07-12,1.0
gps 5113,1989-07-13,18.0
gps 5113,1989-07-31,2.0
gps 5113,1989-08-02,46.0
gps 5113,1989-09-17,33.0
gps 5113,1989-10-20,1.0
gps 5113,1989-10-21,1.0
gps 5113,1989-10-22,1.0
gps 5113,1989-10-23,1.0
gps 5113,1989-10-24,1.0
gps 5113,1989-10-25,1.0
gps 5113,1989-10-26,16.0
gps 5113,1989-11-11,13.0
gps 5113,1989-11-24,16.0
gps 5113,1989-12-10,25.0
gps 5113,1990-01-04,14.0
gps 5113,1990-01-18,11.0
gps 5113,1990-01-29,5.0
gps 5113,1990-02-03,8.0
gps 5113,1990-02-11,8.0
gps 5113,1990-02-19,6.0
gps 5113,1990-02-25,6.0
gps 5113,1990-03-03,2.0
gps 5113,1990-03-05,4.0
gps 5113,1990-03-09,5.0
gps 5113,1990-03-14,20.0
gps 5113,1990-04-03,10.0
gps 5113,1990-04-13,6.0
gps 5113,1990-04-19,5.0
gps 5113,1990-04-24,35.0
gps 5113,1990-05-29,13.0
gps 5113,1990-06-11,6.0
gps 5113,1990-06-17,10.0
gps 5113,1990-06-27,7.0
gps 5113,1990-07-04,1.0
gps 5113,1990-07-05,7.0
gps 5114,1984-10-25,48.0
gps 5114,1984-12-12,23.0
gps 5114,1985-01-04,2.0
gps 5114,1985-01-06,6.0
gps 5114,1985-01-12,26.0
gps 5114,1985-02-07,8.0
gps 5114,1985-02-15,1.0
gps 5114,1985-02-16,12.0
gps 5114,1985-02-28,84.0
gps 5114,1985-05-23,6.0
gps 5114,1985-05-29,8.0
gps 5114,1985-06-06,6.0
gps 5114,1985-06-12,1.0
gps 5114,1985-06-13,4.0
gps 5114,1985-06-17,3.0
gps 5114,1985-06-20,7.0
gps 5114,1985-06-27,1.0
gps 5114,1985-06-28,7.0
gps 5114,1985-07-05,26.0
gps 5114,1985-07-31,11.0
gps 5114,1985-08-11,48.0
gps 5114,1985-09-28,19.0
gps 5114,1985-10-17,104.0
gps 5114,1986-01-29,4.0
gps 5114,1986-02-02,16.0
gps 5114,1986-02-18,5.0
gps 5114,1986-02-23,26.0
gps 5114,1986-03-21,13.0
gps 5114,1986-04-03,10.0
gps 5114,1986-04-13,18.0
gps 5114,1986-05-01,40.0
gps 5114,1986-06-10,1.0
gps 5114,1986-06-11,10.0
gps 5114,1986-06-21,6.0
gps 5114,1986-06-27,25.0
gps 5114,1986-07-22,15.0
gps 5114,1986-08-06,12.0
gps 5114,1986-08-18,6.0
gps 5114,1986-08-24,18.0
gps 5114,1986-09-11,9.0
gps 5114,1986-09-20,11.0
gps 5114,1986-10-01,4.0
gps 5114,1986-10-05,2.0
gps 5114,1986-10-07,2.0
gps 5114,1986-10-09,36.0
gps 5114,1986-11-14,10.0
gps 5114,1986-11-24,2.0
gps 5114,1986-11-26,2.0
gps 5114,1986-11-28,19.0
gps 5114,1986-12-17,13.0
gps 5114,1986-12-30,17.0
gps 5114,1987-01-16,13.0
gps 5114,1987-01-29,1.0
gps 5114,1987-01-30,4.0
gps 5114,1987-02-03,1.0
gps 5114,1987-02-04,75.0
gps 5114,1987-04-20,2.0
gps 5114,1987-04-22,2.0
gps 5114,1987-04-24,9.0
gps 5114,1987-05-03,4.0
gps 5114,1987-05-07,1.0
gps 5114,1987-05-08,7.0
gps 5114,1987-05-15,7.0
gps 5114,1987-05-22,14.0
gps 5114,1987-06-05,8.0
gps 5114,1987-06-13,9.0
gps 5114,1987-06-22,4.0
gps 5114,1987-06-26,94.0
gps 5114,1987-09-28,1.0
gps 5114,1987-09-29,6.0
gps 5114,1987-10-05,2.0
gps 5114,1987-10-07,3.0
gps 5114,1987-10-10,21.0
gps 5114,1987-10-31,2.0
gps 5114,1987-11-02,19.0
gps 5114,1987-11-21,30.0
gps 5114,1987-12-21,11.0
gps 5114,1988-01-01,15.0
gps 5114,1988-01-16,6.0
gps 5114,1988-01-22,19.0
gps 5114,1988-02-10,7.0
gps 5114,1988-02-17,19.0
gps 5114,1989-06-06,57.0
gps 5114,1989-08-02,56.0
gps 5114,1989-09-27,9.0
gps 5114,1989-10-06,7.0
gps 5118,1984-10-28,46.0
gps 5118,1984-12-13,4.0
gps 5118,1984-12-17,6.0
gps 5118,1984-12-23,2.0
gps 5118,1984-12-25,13.0
gps 5118,1985-01-07,5.0
gps 5118,1985-01-12,8.0
gps 5118,1985-01-20,10.0
gps 5118,1985-01-30,7.0
gps 5118,1985-02-06,4.0
gps 5118,1985-02-10,5.0
gps 5118,1985-02-15,13.0
gps 5118,1985-02-28,61.0
gps 5118,1985-04-30,4.0
gps 5118,1985-05-04,1.0
gps 5118,1985-05-05,24.0
gps 5118,1985-05-29,4.0
gps 5118,1985-06-02,5.0
gps 5118,1985-06-07,5.0
gps 5118,1985-06-12,2.0
gps 5118,1985-06-14,6.0
gps 5118,1985-06-20,9.0
gps 5118,1985-06-29,17.0
gps 5118,1985-07-16,18.0
gps 5118,1985-08-03,56.0
gps 5118,1985-09-28,122.0
gps 5118,1986-01-28,4.0
gps 5118,1986-02-01,7.0
gps 5118,1986-02-08,1.0
gps 5118,1986-02-09,37.0
gps 5118,1986-03-18,7.0
gps 5118,1986-03-25,11.0
gps 5118,1986-04-05,21.0
gps 5118,1986-04-26,33.0
gps 5118,1986-05-29,5.0
gps 5118,1986-06-03,7.0
gps 5118,1986-06-10,4.0
gps 5118,1986-06-14,1.0
gps 5118,1986-06-15,38.0
gps 5118,1986-07-23,5.0
gps 5118,1986-07-28,6.0
gps 5118,1986-08-03,2.0
gps 5118,1986-08-05,8.0
gps 5118,1986-08-13,3.0
gps 5118,1986-08-16,6.0
gps 5118,1986-08-22,5.0
gps 5118,1986-08-27,5.0
gps 5118,1986-09-01,16.0
gps 5118,1986-09-17,14.0
gps 5118,1986-10-01,20.0
gps 5118,1986-10-21,3.0
gps 5118,1986-10-24,15.0
gps 5118,1986-11-08,4.0
gps 5118,1986-11-12,2.0
gps 5118,1986-11-14,2.0
gps 5118,1986-11-16,11.0
gps 5118,1986-11-27,32.0
gps 5118,1986-12-29,2.0
gps 5118,1986-12-31,2.0
gps 5118,1987-01-02,8.0
gps 5118,1987-01-10,18.0
gps 5118,1987-01-28,4.0
gps 5118,1987-02-01,4.0
gps 5118,1987-02-05,38.0
gps 5118,1987-03-15,6.0
gps 5118,1987-03-21,20.0
gps 5118,1987-04-10,1.0
gps 5118,1987-04-11,3.0
gps 5118,1987-04-14,3.0
gps 5118,1987-04-17,5.0
gps 5118,1987-04-22,20.0
gps 5118,1987-05-12,2.0
gps 5118,1987-05-14,3.0
gps 5118,1987-05-17,5.0
gps 5118,1987-05-22,2.0
gps 5118,1987-05-24,6.0
gps 5118,1987-05-30,1.0
gps 5118,1987-05-31,9.0
gps 5118,1987-06-09,10.0
gps 5118,1987-06-19,6.0
gps 5118,1987-06-25,22.0
gps 5118,1987-07-17,11.0
gps 5118,1987-07-28,66.0
gps 5118,1987-10-02,3.0
gps 5118,1987-10-05,17.0
gps 5118,1987-10-22,3.0
gps 5118,1987-10-25,2.0
gps 5118,1987-10-27,1.0
gps 5118,1987-10-28,25.0
gps 5118,1987-11-22,11.0
gps 5118,1987-12-03,1.0
gps 5118,1987-12-04,1.0
gps 5118,1987-12-05,2.0
gps 5118,1987-12-07,1.0
gps 5118,1987-12-08,1.0
gps 5118,1987-12-09,6.0
gps 5118,1987-12-15,19.0
gps 5118,1988-01-03,15.0
gps 5118,1988-01-18,13.0
gps 5118,1988-01-31,3.0
gps 5118,1988-02-03,5.0
gps 5118,1988-02-08,163.0
gps 5118,1988-07-20,320.0
gps 5118,1989-06-05,16.0
gps 5118,1989-06-21,29.0
gps 5118,1989-07-20,11.0
gps 5118,1989-07-31,2.0
gps 5118,1989-08-02,53.0
gps 5118,1989-09-24,14.0
gps 5118,1989-10-08,6.0
gps 5118,1989-10-14,5.0
gps 5118,1989-10-19,1.0
gps 5118,1989-10-20,5.0
gps 5118,1989-10-25,37.0
gps 5118,1989-12-01,5.0
gps 5118,1989-12-06,60.0
gps 5118,1990-02-04,1.0
gps 5118,1990-02-05,7.0
gps 5118,1990-02-12,7.0
gps 5118,1990-02-19,2.0
gps 5118,1990-02-21,20.0
gps 5118,1990-03-13,13.0
gps 5118,1990-03-26,18.0
gps 5118,1990-04-13,49.0
gps 5118,1990-06-01,18.0
gps 5118,1990-06-19,49.0
gps 9794,1985-01-13,17.0
gps 9794,1985-01-30,7.0
gps 9794,1985-02-06,9.0
gps 9794,1985-02-15,72.0
gps 9794,1985-04-28,1.0
gps 9794,1985-04-29,38.0
gps 9794,1985-06-06,17.0
gps 9794,1985-06-23,2.0
gps 9794,1985-06-25,2.0
gps 9794,1985-06-27,7.0
gps 9794,1985-07-04,4.0
gps 9794,1985-07-08,6.0
gps 9794,1985-07-14,2.0
gps 9794,1985-07-16,1.0
gps 9794,1985-07-17,7.0
gps 9794,1985-07-24,27.0
gps 9794,1985-08-20,15.0
gps 9794,1985-09-04,146.0
gps 9794,1986-01-28,1.0
gps 9794,1986-01-29,29.0
gps 9794,1986-02-27,1.0
gps 9794,1986-02-28,48.0
gps 9794,1986-04-17,10.0
gps 9794,1986-04-27,33.0
gps 9794,1986-05-30,15.0
gps 9794,1986-06-14,3.0
gps 9794,1986-06-17,2.0
gps 9794,1986-06-19,5.0
gps 9794,1986-06-24,4.0
gps 9794,1986-06-28,3.0
gps 9794,1986-07-01,8.0
gps 9794,1986-07-09,9.0
gps 9794,1986-07-18,4.0
gps 9794,1986-07-22,3.0
gps 9794,1986-07-25,11.0
gps 9794,1986-08-05,8.0
gps 9794,1986-08-13,6.0
gps 9794,1986-08-19,5.0
gps 9794,1986-08-24,7.0
gps 9794,1986-08-31,4.0
gps 9794,1986-09-04,10.0
gps 9794,1986-09-14,1.0
gps 9794,1986-09-15,6.0
gps 9794,1986-09-21,3.0
gps 9794,1986-09-24,1.0
gps 9794,1986-09-25,3.0
gps 9794,1986-09-28,7.0
gps 9794,1986-10-05,19.0
gps 9794,1986-10-24,63.0
gps 9794,1986-12-26,17.0
gps 9794,1987-01-12,1.0
gps 9794,1987-01-13,15.0
gps 9794,1987-01-28,1.0
gps 9794,1987-01-29,5.0
gps 9794,1987-02-03,37.0
gps 9794,1987-03-12,6.0
gps 9794,1987-03-18,3.0
gps 9794,1987-03-21,13.0
gps 9794,1987-04-03,2.0
gps 9794,1987-04-05,6.0
gps 9794,1987-04-11,5.0
gps 9794,1987-04-16,1.0
gps 9794,1987-04-17,4.0
gps 9794,1987-04-21,7.0
gps 9794,1987-04-28,2.0
gps 9794,1987-04-30,16.0
gps 9794,1987-05-16,2.0
gps 9794,1987-05-18,2.0
gps 9794,1987-05-20,18.0
gps 9794,1987-06-07,11.0
gps 9794,1987-06-18,103.0
gps 9794,1987-09-29,22.0
gps 9794,1987-10-21,1.0
gps 9794,1987-10-22,14.0
gps 9794,1987-11-05,16.0
gps 9794,1987-11-21,12.0
gps 9794,1987-12-03,5.0
gps 9794,1987-12-08,2.0
gps 9794,1987-12-10,17.0
gps 9794,1987-12-27,3.0
gps 9794,1987-12-30,3.0
gps 9794,1988-01-02,5.0
gps 9794,1988-01-07,19.0
gps 9794,1988-01-26,11.0
gps 9794,1989-05-03,30.0
gps 9794,1989-06-02,9.0
gps 9794,1989-06-11,13.0
gps 9794,1989-06-24,4.0
gps 9794,1989-06-28,2.0
gps 9794,1989-06-30,46.0
gps 9794,1989-08-15,1.0
gps 9794,1989-08-16,40.0
gps 9794,1989-09-25,24.0
gps 9794,1989-10-19,1.0
gps 9794,1989-10-20,3.0
gps 9794,1989-10-23,1.0
gps 9794,1989-10-24,1.0
gps 9794,1989-10-25,18.0
gps 9794,1989-11-12,3.0
gps 9794,1989-11-15,87.0
gps 9794,1990-02-10,62.0
gps 9794,1990-04-13,3.0
gps 9794,1990-04-16,1.0
gps 9794,1990-04-17,24.0
gps 9794,1990-05-11,13.0
gps 9794,1990-05-24,16.0
gps 9794,1990-06-09,53.0
gps 9794,1990-08-01,5.0
marecs a,1982-01-27,5.0
marecs a,1982-02-01,1.0
marecs a,1982-02-02,2.0
marecs a,1982-02-04,1.0
marecs a,1982-02-05,5.0
marecs a,1982-02-10,1.0
marecs a,1982-02-11,2.0
marecs a,1982-02-13,1.0
marecs a,1982-02-14,4.0
marecs a,1982-02-18,1.0
marecs a,1982-02-19,1.0
marecs a,1982-02-20,2.0
marecs a,1982-02-22,2.0
marecs a,1982-02-24,1.0
marecs a,1982-02-25,2.0
marecs a,1982-02-27,3.0
marecs a,1984-03-01,184.0
marecs a,1984-09-01,69.0
marecs a,1984-11-09,297.0
marecs a,1985-09-02,159.0
marecs a,1986-02-08,4.0
marecs a,1986-02-12,10.0
marecs a,1986-02-22,2.0
marecs a,1986-02-24,3.0
marecs a,1986-02-27,4.0
marecs a,1986-03-03,4.0
marecs a,1986-03-07,2.0
marecs a,1986-03-09,3.0
marecs a,1986-03-12,10.0
marecs a,1986-03-22,4.0
marecs a,1986-03-26,1.0
marecs a,1986-03-27,7.0
marecs a,1986-04-03,7.0
marecs a,1986-04-10,22.0
marecs a,1986-05-02,3.0
marecs a,1986-05-05,1.0
marecs a,1986-05-06,1.0
marecs a,1986-05-07,58.0
marecs a,1986-07-04,23.0
marecs a,1986-07-27,2.0
marecs a,1986-07-29,1.0
marecs a,1986-07-30,14.0
marecs a,1986-08-13,8.0
marecs a,1986-08-21,1.0
marecs a,1986-08-22,1.0
marecs a,1986-08-23,1.0
marecs a,1986-08-24,5.0
marecs a,1986-08-29,1.0
marecs a,1986-08-30,5.0
marecs a,1986-09-04,8.0
marecs a,1986-09-12,3.0
marecs a,1986-09-15,4.0
marecs a,1986-09-19,4.0
marecs a,1986-09-23,2.0
marecs a,1986-09-25,2.0
marecs a,1986-09-27,3.0
marecs a,1986-09-30,2.0
marecs a,1986-10-02,1.0
marecs a,1986-10-03,2.0
marecs a,1986-10-05,10.0
marecs a,1986-10-15,3.0
marecs a,1986-10-18,1.0
marecs a,1986-10-19,5.0
marecs a,1986-10-24,3.0
marecs a,1986-10-27,8.0
marecs a,1986-11-04,21.0
marecs a,1986-11-25,4.0
marecs a,1989-03-03,14.0
marecs a,1989-03-17,12.0
marecs a,1989-03-29,2.0
meteosat 1,1977-05-04,223.0
meteosat 1,1977-12-13,1.0
meteosat 1,1977-12-14,21.0
meteosat 1,1978-01-04,2.0
meteosat 1,1978-01-06,4.0
meteosat 1,1978-01-10,4.0
meteosat 1,1978-01-14,1.0
meteosat 1,1978-01-15,20.0
meteosat 1,1978-02-04,6.0
meteosat 1,1978-02-10,17.0
meteosat 1,1978-02-27,3.0
meteosat 1,1978-03-02,2.0
meteosat 1,1978-03-04,13.0
meteosat 1,1978-03-17,1.0
meteosat 1,1978-03-18,1.0
meteosat 1,1978-03-19,1.0
meteosat 1,1978-03-20,2.0
meteosat 1,1978-03-22,6.0
meteosat 1,1978-03-28,1.0
meteosat 1,1978-03-29,2.0
meteosat 1,1978-03-31,1.0
meteosat 1,1978-04-01,2.0
meteosat 1,1978-04-03,12.0
meteosat 1,1978-04-15,8.0
meteosat 1,1978-04-23,8.0
meteosat 1,1978-05-01,2.0
meteosat 1,1978-05-03,1.0
meteosat 1,1978-05-04,1.0
meteosat 1,1978-05-05,1.0
meteosat 1,1978-05-06,4.0
meteosat 1,1978-05-10,1.0
meteosat 1,1978-05-11,3.0
meteosat 1,1978-05-14,10.0
meteosat 1,1978-05-24,2.0
meteosat 1,1978-05-26,10.0
meteosat 1,1978-06-05,2.0
meteosat 1,1978-06-07,3.0
meteosat 1,1978-06-10,2.0
meteosat 1,1978-06-12,5.0
meteosat 1,1978-06-17,4.0
meteosat 1,1978-06-21,1.0
meteosat 1,1978-06-22,2.0
meteosat 1,1978-06-24,1.0
meteosat 1,1978-06-25,10.0
meteosat 1,1978-07-05,3.0
meteosat 1,1978-07-08,11.0
meteosat 1,1978-07-19,19.0
meteosat 1,1978-08-07,5.0
meteosat 1,1978-08-12,8.0
meteosat 1,1978-08-20,9.0
meteosat 1,1978-08-29,1.0
meteosat 1,1978-08-30,1.0
meteosat 1,1978-08-31,3.0
meteosat 1,1978-09-03,2.0
meteosat 1,1978-09-05,8.0
meteosat 1,1978-09-13,1.0
meteosat 1,1978-09-14,13.0
meteosat 1,1978-09-27,3.0
meteosat 1,1978-09-30,1.0
meteosat 1,1978-10-01,5.0
meteosat 1,1978-10-06,15.0
meteosat 1,1978-10-21,9.0
meteosat 1,1978-10-30,9.0
meteosat 1,1978-11-08,7.0
meteosat 1,1978-11-15,10.0
meteosat 1,1978-11-25,25.0
meteosat 1,1978-12-20,6.0
meteosat 1,1978-12-26,1.0
meteosat 1,1978-12-27,7.0
meteosat 2,1981-09-08,21.0
meteosat 2,1981-09-29,56.0
meteosat 2,1981-11-24,85.0
meteosat 2,1982-02-17,26.0
meteosat 2,1982-03-15,6.0
meteosat 2,1982-03-21,6.0
meteosat 2,1982-03-27,15.0
meteosat 2,1982-04-11,3.0
meteosat 2,1982-04-14,52.0
meteosat 2,1982-06-05,10.0
meteosat 2,1982-06-15,17.0
meteosat 2,1982-07-02,22.0
meteosat 2,1982-07-24,17.0
meteosat 2,1982-08-10,24.0
meteosat 2,1982-09-03,19.0
meteosat 2,1982-09-22,1.0
meteosat 2,1982-09-23,2.0
meteosat 2,1982-09-25,5.0
meteosat 2,1982-09-30,20.0
meteosat 2,1982-10-20,76.0
meteosat 2,1983-01-04,33.0
meteosat 2,1983-02-06,13.0
meteosat 2,1983-02-19,17.0
meteosat 2,1983-03-08,4.0
meteosat 2,1983-03-12,8.0
meteosat 2,1983-03-20,15.0
meteosat 2,1983-04-04,26.0
meteosat 2,1983-04-30,79.0
meteosat 2,1983-07-18,36.0
meteosat 2,1983-08-23,2.0
meteosat 2,1983-08-25,23.0
meteosat 2,1983-09-17,14.0
meteosat 2,1983-10-01,26.0
meteosat 2,1983-10-27,24.0
meteosat 2,1983-11-20,47.0
meteosat 2,1984-01-06,53.0
meteosat 2,1984-02-28,23.0
meteosat 2,1984-03-22,10.0
meteosat 2,1984-04-01,2.0
meteosat 2,1984-04-03,4.0
meteosat 2,1984-04-07,13.0
meteosat 2,1984-04-20,8.0
meteosat 2,1984-04-28,4.0
meteosat 2,1984-05-02,21.0
meteosat 2,1984-05-23,5.0
meteosat 2,1984-05-28,23.0
meteosat 2,1984-06-20,4.0
meteosat 2,1984-06-24,22.0
meteosat 2,1984-07-16,1.0
meteosat 2,1984-07-17,9.0
meteosat 2,1984-07-26,8.0
meteosat 2,1984-08-03,33.0
meteosat 2,1984-09-05,19.0
meteosat 2,1984-09-24,1.0
meteosat 2,1984-09-25,2.0
meteosat 2,1984-09-27,3.0
meteosat 2,1984-09-30,4.0
meteosat 2,1984-10-04,4.0
meteosat 2,1984-10-08,13.0
meteosat 2,1984-10-21,1.0
meteosat 2,1984-10-22,5.0
meteosat 2,1984-10-27,17.0
meteosat 2,1984-11-13,3.0
meteosat 2,1984-11-16,34.0
meteosat 2,1984-12-20,39.0
meteosat 2,1985-01-28,11.0
meteosat 2,1985-02-08,59.0
meteosat 2,1985-04-08,16.0
meteosat 2,1985-04-24,4.0
meteosat 2,1985-04-28,1.0
meteosat 2,1985-04-29,4.0
meteosat 2,1985-05-03,7.0
meteosat 2,1985-05-10,25.0
meteosat 2,1985-06-04,4.0
meteosat 2,1985-06-08,27.0
meteosat 2,1985-07-05,2.0
meteosat 2,1985-07-07,7.0
meteosat 2,1985-07-14,13.0
meteosat 2,1985-07-27,14.0
meteosat 2,1985-08-10,4.0
meteosat 2,1985-08-14,2.0
meteosat 2,1985-08-16,15.0
meteosat 2,1985-08-31,2.0
meteosat 2,1985-09-02,13.0
meteosat 2,1985-09-15,2.0
meteosat 2,1985-09-17,327.0
meteosat 2,1986-08-10,13.0
meteosat 2,1986-08-23,6.0
meteosat 2,1986-08-29,3.0
meteosat 2,1986-09-01,18.0
meteosat 2,1986-09-19,5.0
meteosat 2,1986-09-24,6.0
meteosat 2,1986-09-30,4.0
meteosat 2,1986-10-04,18.0
noaa 11,1988-09-27,122.0
noaa 11,1989-01-27,39.0
noaa 11,1989-03-07,7.0
noaa 11,1989-03-14,2.0
noaa 11,1989-03-16,28.0
noaa 11,1989-04-13,61.0
noaa 11,1989-06-13,55.0
noaa 11,1989-08-07,29.0
noaa 11,1989-09-05,14.0
noaa 11,1989-09-19,8.0
noaa 11,1989-09-27,4.0
noaa 11,1989-10-01,106.0
noaa 11,1990-01-15,130.0
noaa 11,1990-05-25,55.0
noaa 11,1990-07-19,1.0
noaa 11,1990-07-20,8.0
noaa 11,1990-07-28,2.0
noaa 11,1990-07-30,1.0
noaa 11,1990-07-31,7.0
noaa 11,1990-08-07,3.0
noaa 11,1990-08-10,2.0
noaa 11,1990-08-12,1.0
noaa 11,1990-08-13,2.0
noaa 11,1990-08-15,4.0
noaa 11,1990-08-19,5.0
noaa 11,1990-08-24,3.0
