true_tte,Linear Regression,Support Vector Regression,"SVR (gamma='auto', 2018 default)","SVR (gamma='auto', X-ray x1e6)",SVR (standardized features),Naive Bayes,Naive Bayes (reference density),Random Forest (new model),Median baseline (sanity check)
144.0,33.479308876830395,9.031392617903073,10.393209254587088,10.285162470592198,23.226394995162643,15.0,23.0,91.02083429533427,7.0
346.0,32.93901666612538,8.830192560530858,10.258156709638586,10.190835477075286,20.64002983576623,10.0,15.0,64.49064117364114,7.0
15.0,34.51521999623637,8.149629722096421,10.197529830918569,10.117487791396654,18.043746624477738,23.0,24.0,80.501705997706,7.0
104.0,37.07242734244814,8.863945844193493,10.366247591606584,10.254708358578924,26.105462812704943,12.0,14.0,73.20317858067855,7.0
70.0,35.74141034340734,9.906033762561727,6.319207539170329,6.398192794983537,22.282308123721425,13.0,23.0,54.31832046657043,7.0
1.0,37.14567255845388,8.881748731555993,18.828841785048652,18.718479269498552,22.803071070260415,12.0,14.0,76.84727344877348,7.0
128.0,35.060821201621984,8.151615897080466,2.4968992932348986,2.479536133949047,14.965363059192928,12.0,14.0,31.783045093795117,7.0
89.0,34.085073522130216,9.066369148259424,10.415299272130154,10.323285869717855,21.010856862392888,11.0,13.0,93.96861445961447,7.0
3.0,35.436838716792415,9.879595673517773,10.377249331207734,10.251291947741914,22.85446526845105,14.0,20.0,56.38032395382393,7.0
1.0,32.41531671464057,9.06768112133097,14.739424430673562,14.503517645511273,23.42411600523983,14.0,15.0,82.2173756613756,7.0
23.0,33.44045194213952,8.18992825868915,10.198755232253067,10.11869079348297,18.845649012807968,18.0,13.0,54.27556410256409,7.0
66.0,35.36238907719603,9.07785289531046,10.415337456170072,10.323299165845151,19.28818912752036,15.0,24.0,42.12761952861955,7.0
8.0,37.65935781093074,9.109247879631598,10.296456790487268,10.19093552158734,20.309358158007512,13.0,15.0,69.22941985791986,7.0
13.0,33.04309995920003,8.868623698104003,10.258687656245355,10.191240681763322,19.539059730576945,11.0,22.0,62.440935129685116,7.0
8.0,34.867170823298345,9.900162289001832,12.562397878714282,12.494571331120596,20.645178607891932,11.0,15.0,110.02364415214416,7.0
236.0,31.284629429186595,9.062802590492316,10.731918774848484,10.59249314019483,18.27963710927537,12.0,13.0,59.57999918599921,7.0
20.0,35.90899770363473,8.879966826788358,10.722994949278549,10.57488549224078,26.544573484375682,11.0,13.0,163.11393829318828,7.0
55.0,36.663322791143706,9.106684048839742,10.432717670559185,10.326904200473276,20.680266617783953,11.0,13.0,125.84962730787731,7.0
96.0,34.61143101235368,8.150168312340128,10.199483989063737,10.08434231201217,17.801559198851546,11.0,13.0,82.1276151996152,7.0
34.0,37.883518470898466,9.106674494060666,20.27661327386081,19.494138937705664,15.607666125919708,12.0,14.0,138.9944595959596,7.0
269.0,32.496868241344885,8.863525368740941,10.25798935747714,10.190681977530035,16.911956632640532,10.0,15.0,64.65776863876863,7.0
66.0,32.40258089306199,8.86488943555489,9.778628623716205,9.72645244675609,18.662262584376272,10.0,15.0,75.00031538831539,7.0
158.0,31.160456103646418,9.061585773060063,20.549381700389564,19.764107651896687,15.190886373225077,11.0,13.0,99.88483195508189,7.0
11.0,36.174039984966875,9.069706816571326,10.415761409027185,10.324120466665677,21.162734426664336,12.0,19.0,48.303736541236525,7.0
107.0,35.56051252956476,8.15341985334435,10.201201671316884,10.085819799366954,13.514410543663825,13.0,15.0,37.31270021645024,7.0
12.0,37.21148214732352,9.11268771858608,13.355813662017798,10.558945781223875,21.80204471207192,13.0,23.0,51.72638924963927,7.0
47.0,36.212051963868554,8.881057826498422,9.605760688161755,9.51240303461463,23.800772579559563,11.0,14.0,68.3595217005217,7.0
205.0,34.6087070864905,9.904520769719944,5.8769297983579225,5.863062942927765,19.307396874109493,12.0,21.0,25.94707046657048,7.0
166.0,30.429742003287878,9.064848278418156,10.749116183143682,10.638396817673904,22.586635280116248,11.0,13.0,65.13608441558442,7.0
15.0,35.022168581871355,9.065767653724556,12.831397295824035,12.401628055402538,21.49950887409552,11.0,14.0,84.97415761090765,7.0
173.0,34.00351466468099,8.149362125183762,12.617402751485965,12.021592461931622,15.208305778707036,11.0,12.0,52.27421115921117,7.0
100.0,32.158249096357395,8.186698071543704,10.360453612625328,10.278605557184079,20.70577798311949,15.0,10.0,72.89343229918231,7.0
53.0,34.11040292301803,9.899167569999168,10.522871922272314,10.454125451331064,21.13522820561969,11.0,15.0,75.39865806415803,7.0
41.0,30.66768582971426,9.06362788293948,10.491566136223923,10.388937954152944,16.602880299473338,11.0,13.0,76.79116229141219,7.0
11.0,31.577397061783444,8.863923924536872,15.10042303038025,16.015148601158195,16.350494287496662,10.0,15.0,82.539897001147,7.0
59.0,33.979431559237796,9.9004361471716,6.81002759822533,7.297220140021089,16.288441591323576,11.0,15.0,51.368908609908615,7.0
144.0,35.3152987547348,9.872316614262855,11.347052922373082,11.150082200112564,17.298757036918975,12.0,13.0,82.08616089466088,7.0
15.0,35.45587155941641,8.88068962396504,10.312072759263959,10.22091527280445,26.50806473110887,11.0,13.0,92.22424332149332,7.0
41.0,34.198433798941466,9.87317903844129,10.471194055836369,10.353971818822062,21.254210496777254,12.0,13.0,66.99997174122177,7.0
70.0,33.92585716791898,8.151505377822987,14.55293104643664,14.432494645787752,17.76768218036695,11.0,12.0,90.98595995671,7.0
10.0,34.273015688872505,9.9020487789616,10.336266395537702,10.268506033371661,18.297077793822748,11.0,15.0,34.19370116920118,7.0
2.0,34.398737897123446,8.15222529990996,17.36835912060745,15.920562054733566,14.645671686972086,11.0,12.0,48.64358670033669,7.0
2.0,35.13083318301604,9.067723246456787,14.79787882444748,14.036004781615206,21.579331160158986,11.0,14.0,94.55642443667446,7.0
2.0,35.15256610324509,9.068113797791673,11.918254933744192,11.817994148575742,22.112537895448664,11.0,14.0,88.97175745550751,7.0
7.0,34.26939211196047,8.151290275479617,13.603383209250104,13.486100185055795,14.989710623208154,11.0,12.0,75.32577597402603,7.0
10.0,36.73477128271412,8.880378419576887,11.65157458346702,11.534962862074897,20.28602400134555,11.0,14.0,73.0338502238502,7.0
22.0,37.733542680371585,9.11065102135353,4.4169498287747935,5.462556682657957,17.71637496554897,13.0,15.0,36.11091778591777,7.0
1.0,34.433068583045895,9.903784685538781,10.078088239005085,10.223598284578111,18.11784555718856,12.0,19.0,35.03413924963926,7.0
4.0,36.93807174797883,8.882914770688547,17.533964405093798,17.40726625292793,20.795472527085067,13.0,15.0,68.75815860990858,7.0
10.0,34.74752580904121,8.15294638632716,7.655386408331836,10.085819268861197,1.7883855906403454,1.0,1.0,87.22901503126494,7.0
97.0,37.22959202774348,8.881086453619767,9.473037279367967,9.377528955058859,18.515820610715153,12.0,14.0,75.04701417101418,7.0
5.0,36.565047977876674,9.095269478617794,10.301328902037513,10.282043598184009,23.286041627759673,13.0,14.0,64.18389706589711,7.0
23.0,34.83691872382739,9.902866558178964,10.333106132273361,10.259735897013137,23.949952159797014,12.0,15.0,76.24367555592558,7.0
18.0,36.79359240674819,9.097158130227033,12.628667538450618,12.37774795571005,22.82187199066213,14.0,23.0,89.78087373737377,7.0
89.0,32.78781497733709,8.192482953096365,11.916204026722493,11.749309859951252,18.719533251580774,18.0,14.0,52.21396632996634,7.0
127.0,33.678140623584554,8.192910687044542,10.210299981408586,10.125796945525716,18.249404286755425,21.0,23.0,47.756264430014426,7.0
61.0,35.55952990478793,8.158761608748605,9.776014332436981,9.702751122233822,9.822911051545919,16.0,29.0,55.3622594997595,7.0
24.0,36.03809531211627,9.115492472152182,10.274726508143933,10.169903615140448,19.506284309654212,13.0,23.0,65.4755628630628,7.0
23.0,34.91421475900142,8.883802887191866,10.258156709638586,10.190835477075286,11.173818774538347,55.0,56.0,28.891882996633004,7.0
1.0,35.066918883907576,9.87620478724189,10.414109978826989,10.213509983834049,19.143508418283098,13.0,14.0,57.85442316017316,7.0
32.0,34.5692660349312,8.154350128516363,10.197328750967682,10.086276300136676,9.754987799604915,10.0,3.0,45.85831613756609,7.0
19.0,35.85236613461687,9.080587787710012,6.698773280620811,10.035350155570404,14.270082870398213,22.0,43.0,52.95599711399711,7.0
1.0,35.694179509227034,9.912972918764366,10.330121918475763,10.26095403269841,5.7208433123706826,1.0,1.0,36.989105339105315,7.0
3.0,34.65316106646645,8.194750613114863,10.914092204873164,10.74769332861872,18.11538178630789,23.0,5.0,27.817490019240008,7.0
2.0,35.52179744018475,9.911727494250883,14.096700172137536,10.48364985119771,16.18012736191528,23.0,40.0,30.78459427609426,7.0
1.0,35.28453367147909,8.157689205944804,10.201207333954256,10.08582057837377,8.420647887457188,14.0,5.0,24.808263828763835,7.0
125.0,36.08814376484084,9.077271628590912,10.425968717862304,10.329722160375386,15.682835739844737,16.0,25.0,79.21190283790288,7.0
73.0,35.057281077437864,8.88773202327991,10.364896658042062,10.254708358578924,16.32058873385455,19.0,29.0,29.60812734487735,7.0
6.0,33.884096918482676,9.074764945407209,10.393209254587088,10.285162470592198,22.00646680714763,25.0,55.0,50.48075000000002,7.0
56.0,36.00976148443124,8.166321583924152,10.201201093748775,10.085819223075928,5.42348231424752,1.0,1.0,30.198397426647436,7.0
43.0,35.04353391386259,8.15774523313939,10.201349162838069,10.085937260118598,13.330651223552241,14.0,25.0,72.69319132719137,7.0
281.0,33.07930383755549,8.872678660255405,10.378083368072279,10.297198105015054,17.36032547616596,13.0,25.0,59.10912818662821,7.0
3.0,33.27186102464094,8.190926816208375,12.04100108604537,10.117487808267967,14.594170913565243,1.0,1.0,75.56430158730156,7.0
239.0,34.67067542855736,9.070848295907012,10.085310609809857,10.32313103023497,13.017934209616943,3.0,1.0,31.624260341510325,7.0
130.0,34.28390349388252,9.87693879105392,10.38647748325729,10.258436603571136,23.38932426649907,13.0,14.0,69.77784882709881,7.0
12.0,31.780828678015205,9.067679858556243,10.255261144131527,10.302439036727753,20.177996589194343,13.0,14.0,48.412607485107515,7.0
176.0,33.70201038317806,8.188446262232787,13.654073106558723,13.584508011226664,16.76064190382849,15.0,10.0,35.91030796055797,7.0
45.0,12.227006630426672,6.6364707829609,8.98996830745903,9.559333438601868,6.914461574630037,7.0,6.0,18.65374687349688,7.0
31.0,14.025044989625059,6.713698991414709,7.100143127259567,7.358011097656066,6.88374519778207,10.0,6.0,11.726699494949493,7.0
5.0,10.690465631283324,6.397619843405751,3.6778385724797475,3.750054310908567,5.387076132176523,7.0,6.0,7.037032347282348,7.0
4.0,10.92496649195499,6.733806263620633,7.3872984600642,7.328259705584225,6.2021442384625365,7.0,7.0,6.07872764055117,7.0
7.0,10.880288039534179,6.7143039177740915,8.531337722615172,8.440163577886622,5.51733087623614,11.0,6.0,9.761932239057238,7.0
3.0,11.023940751418166,6.635790669576753,1.0995380457349277,1.0631291519706298,5.860441454444126,7.0,7.0,5.822598753098748,7.0
13.0,11.25928798688578,6.395956216605801,4.842899912732584,4.793709906496554,5.9635249259574294,7.0,6.0,5.206712814962816,7.0
47.0,12.105544071617459,6.897133164627676,4.2926311691164045,4.174311106022984,5.831912120696937,8.0,6.0,7.014001082251081,7.0
1.0,11.337803114672269,6.8326527861658075,8.422529933065464,9.36970820281024,6.0961823601105545,7.0,6.0,9.809164492914492,7.0
2.0,11.946211669890971,6.638228963738967,3.887092458767248,3.771621212260804,6.184705815376768,7.0,7.0,11.592854700854708,7.0
5.0,11.501762495068725,6.734017923998748,5.748043539340687,5.695742148740532,6.148229942646635,6.0,6.0,10.759904558404564,7.0
18.0,11.920439952713139,6.8957939121646765,10.736949110890738,10.799014023715609,6.9199764600236415,8.0,6.0,12.530792651792654,7.0
1.0,12.301888003479036,6.406353839445255,2.100268139897473,4.551430071340833,7.533969945867316,7.0,7.0,28.81373112073113,7.0
2.0,12.77643223653071,6.718184560689024,1.1001736231850394,3.7879121682906796,7.32969497095105,11.0,7.0,10.805155483405485,7.0
9.0,11.908668305106026,6.73598601512185,9.845384501695843,9.583361623997355,6.093864012617601,6.0,7.0,9.021935425685427,7.0
2.0,12.071611066717395,6.895887616245334,9.038563421865254,9.787253614292496,7.196269438090161,8.0,6.0,13.02152891552892,7.0
4.0,12.2239380501276,6.896364995365007,13.215151846980925,12.822507658880927,7.184453619064541,8.0,6.0,14.55427705627706,7.0
12.0,12.623918718658679,6.894108480062791,4.118636872276339,4.112180685457105,6.7368534360724,7.0,6.0,11.603433612683606,7.0
35.0,10.805071298259826,6.829606610717327,8.095098307128243,9.057996410910217,6.9543736718290905,6.0,6.0,14.162418109668112,7.0
39.0,12.353917331990658,6.897499563798525,8.89990056315175,8.894469037206628,6.514180443967919,7.0,6.0,11.29101123413623,7.0
5.0,12.90790604783713,6.901613769473733,2.307836686994328,3.235826195348068,7.783587963046092,7.0,6.0,14.87982275132276,7.0
95.0,10.980013238987972,6.832211905757832,10.009083556615687,9.961370872742432,7.337014032012891,6.0,6.0,8.727782347282352,7.0
1.0,10.604706958885934,6.731690847711354,3.100050002635598,3.146439456804382,6.6905555596302655,7.0,7.0,8.817054926554928,7.0
3.0,10.925124057452138,6.238328440678097,2.1445694193624725,2.1121403512959223,5.315762043268734,7.0,6.0,5.497905548155553,7.0
15.0,11.48770269459343,6.637535887329134,7.785986915101546,8.3628558581437,6.054436891756196,8.0,7.0,14.409307840307838,7.0
1.0,10.822173241521654,6.73168797737445,8.099719500252924,7.869701779070799,6.712995204573217,7.0,7.0,10.335662319162322,7.0
15.0,11.617688887411873,6.8936243296950765,5.245560469075341,5.8244221957741775,6.919400512088398,7.0,7.0,9.592076960076962,7.0
13.0,11.254941402839961,6.395845641269864,6.485562150370487,6.544043388260959,6.042888290488116,7.0,6.0,7.54016082991083,7.0
42.0,11.262209348083331,6.733874903576801,4.570725981042038,6.4149520074904105,5.9033657910606365,7.0,7.0,7.238962972212971,7.0
16.0,11.282595032002824,6.733289904257904,7.328013501142959,7.409778541709452,5.813596008737691,6.0,7.0,8.984666851666862,7.0
7.0,11.83458470361768,6.710924083931212,5.100156670511385,5.100955443772488,7.023450012863733,7.0,6.0,7.699306665556666,7.0
8.0,11.644404837844007,6.635779674323205,5.100496346711199,5.1010712183075695,6.395539091181891,7.0,6.0,7.40414801864802,7.0
5.0,12.21359558926305,6.711787787715575,6.899451800461819,6.8964166045970074,6.966772581113754,9.0,6.0,8.804369389869388,7.0
22.0,11.768497655129174,6.635777473165997,7.899543839454745,7.900831054800111,6.505510657671393,7.0,6.0,8.761173890923887,7.0
8.0,12.007165635123854,6.897502527086842,8.555633885916356,8.763753634910104,6.935391110887344,7.0,6.0,11.629793717176073,7.0
1.0,12.585336047813186,6.238568905716089,7.962760888215586,7.926041660429078,6.944446006206008,7.0,6.0,11.015627011877019,7.0
1.0,12.403454081213724,6.711913640572454,7.732588766302075,8.054854365373231,6.973521345728062,7.0,6.0,12.413409932659931,7.0
15.0,12.113342643363069,6.396171038028332,1.1000071079156726,1.0923604788777883,6.434565140650033,7.0,6.0,16.878390572390582,7.0
20.0,12.180541483557278,6.897501046570813,9.442588087406236,9.673575868923571,6.755050625005611,7.0,6.0,12.566608208240561,7.0
1.0,12.373953294725887,6.896074942688987,12.649135654701361,12.23075370892633,7.581864407101406,8.0,6.0,11.388000111000112,7.0
1.0,12.358720596384849,6.89602719662028,8.715007463262683,8.441140052701217,7.638426021038904,8.0,6.0,10.956462463462463,7.0
6.0,13.111620762477258,6.712564043144704,13.661122910780083,12.777420034148811,7.3203333293933035,10.0,6.0,14.084282569282571,7.0
6.0,12.353917331990658,6.897499563798525,8.899900563151784,8.928438520101723,6.509743326231039,7.0,6.0,11.328630281755277,7.0
5.0,13.078256145621253,6.7117859281289665,9.100134576662239,9.214983636850006,7.1876945294672066,10.0,6.0,18.53667440429941,7.0
9.0,11.474572089428868,6.731679365387262,7.879972374422243,7.404434362734225,6.9703905866725835,6.0,6.0,15.386710235842587,7.0
12.0,13.05777433161579,6.23909604060448,8.778594438895352,8.749480781619294,6.966363091861486,7.0,6.0,15.751846394346382,7.0
25.0,12.643412360312766,6.898754528645319,5.014729766226868,4.981213851229715,6.597226015993456,7.0,6.0,13.288505411255418,7.0
5.0,13.103255046788888,6.711512096057634,11.202758674129075,10.781125257318923,6.599635150130327,7.0,6.0,17.9763505013505,7.0
8.0,13.298080009026478,6.238377956800668,19.852241993079424,21.132632309533772,6.635266404975059,7.0,6.0,22.682265752765762,7.0
31.0,13.119413267927769,6.711710617070669,8.099952185784502,8.05981160520314,6.599666887989727,7.0,6.0,15.621813112813118,7.0
10.0,12.92565340168592,6.898053611970659,5.197672312176247,6.035568381355279,5.757927590634768,7.0,6.0,15.019266409516407,7.0
1.0,11.335939805707582,6.829617065749983,9.245508354662299,8.696426860866358,5.153613388891298,7.0,6.0,6.988071428571426,7.0
24.0,10.92532340064767,6.238280581930681,3.076395208313926,3.6083306030231554,5.2997194625745285,7.0,6.0,6.9727390572390595,7.0
1.0,10.759315009333065,6.732712081557309,4.949758297966879,4.887402926645727,6.432703049127061,7.0,7.0,6.9952099567099575,7.0
3.0,11.117357151813664,6.636548909311052,0.40896648267665014,0.483578065562698,5.886749133236078,8.0,7.0,4.976471408221404,7.0
8.0,11.272126385988471,6.6357862735815365,3.6599343225032825,3.4789543137868,6.049459995399932,7.0,7.0,6.712218679468677,7.0
3.0,11.395132194705482,6.7128669618195875,6.33786837172425,6.280961448002888,5.951908833416555,10.0,6.0,12.178884032634029,7.0
9.0,11.2840632345317,6.830410801313806,14.555361212285327,13.77291710510275,5.8567930533719545,7.0,6.0,6.490682539682542,7.0
4.0,11.673086344202517,6.712626980586049,11.560233595392528,11.544899042202708,6.258495050191694,9.0,6.0,8.158790959040955,7.0
3.0,11.778313212748387,6.715079428991703,7.787413218047622,9.032626877930698,6.580947704373926,10.0,6.0,18.81717526917527,7.0
7.0,12.730084703599545,6.899081146644927,2.3151153549988877,2.293077617372333,5.722551159793228,8.0,7.0,3.976551226551225,7.0
2.0,11.643716419180606,6.833888408000403,10.321893104923888,10.254358504669936,6.031405666032318,7.0,7.0,7.070458846708848,7.0
1.0,11.75798284289722,6.90043756008468,4.933650089707779,5.40279369779185,6.137405783391818,7.0,7.0,11.872086644836644,7.0
6.0,11.350566251847326,6.3982787344176275,7.237393151543669,7.334868785672376,5.700005865617365,7.0,6.0,12.160434944684939,7.0
3.0,11.502702569391076,6.712846248028183,11.54000569536284,10.066946865470305,6.093515928162098,7.0,7.0,8.906760304510303,7.0
2.0,11.432683611122833,6.711985824302738,5.05147602414794,4.9995959782010715,6.2465661931573075,7.0,6.0,8.834457727457725,7.0
7.0,11.71282538405167,6.89994939662603,6.989883097470839,6.9676529785955434,6.04424309022804,7.0,7.0,10.852199855699851,7.0
1.0,11.805988516184392,6.7135729354912215,10.520823372484335,10.902477047215179,6.2268313816020555,7.0,7.0,12.778395641395642,7.0
1.0,11.735888329163814,6.637531488489808,7.96601793018773,7.140546900731042,6.144984770922903,7.0,7.0,9.503323352573354,7.0
3.0,11.8345927080901,6.899389888785788,6.31384589391644,5.954993244172858,6.325069867559736,7.0,6.0,7.581338504088507,7.0
5.0,11.8345927080901,6.899389888785788,6.313845893916438,5.952653617862926,6.324426354715169,7.0,6.0,7.581338504088507,7.0
1.0,12.102368053792247,6.6405044238597615,8.792708319544262,8.756553987895593,6.695735214891248,8.0,7.0,5.779607744107742,7.0
7.0,11.935254285294931,6.7151621526801755,10.256129962051773,10.153643342959512,6.442215672876226,7.0,7.0,5.4413844118844095,7.0
8.0,11.944260822429328,6.900575541605076,7.553433970146191,8.331636479665457,6.425868012245244,7.0,7.0,12.74319071669071,7.0
4.0,11.911202573282921,6.898341717806932,14.753314013217043,14.928607171842867,6.73983192588544,7.0,6.0,11.872837246087249,7.0
2.0,12.381409446949547,6.893618203322382,6.9000196376325995,6.871683100182214,6.903127453027158,7.0,6.0,10.018201698628173,7.0
5.0,11.752880270961796,6.895268047768656,6.8996279697502665,7.605005547362916,7.487087065851668,8.0,6.0,9.307980713730718,7.0
104.0,11.915375809311797,6.711916640903309,9.039609667354194,9.016010327699203,6.733240891582618,7.0,6.0,9.432445878195875,7.0
6.0,13.116753780455127,6.712683732279324,2.7600822968700456,2.614073913225668,7.1569178648056795,10.0,6.0,19.178551929551936,7.0
1.0,10.8802130937502,6.8314146964105245,10.305530117175683,10.236515952525403,7.33847962480275,6.0,6.0,13.373230269730277,7.0
6.0,13.380099123110824,6.894410084930354,10.061648178198835,10.069600098092794,7.050462296933596,7.0,6.0,17.5223015873016,7.0
5.0,12.71857991747904,6.4008138980360645,8.957589054729546,8.60580090255003,7.412900784462981,7.0,6.0,12.482334461834471,7.0
6.0,11.252195453272847,6.834387171147429,10.32102004719978,10.25334742195844,7.538762402285784,7.0,6.0,10.963421328671334,7.0
6.0,12.533040397779068,6.737951219928971,10.255782204271494,10.188633568332378,7.518877362741604,6.0,7.0,17.49693470418471,7.0
26.0,10.82577665089324,6.830979943306826,11.62551542332167,11.594553266351095,7.34774623875323,6.0,6.0,11.442184574684575,7.0
1.0,13.609036115666072,6.895454488803323,7.298427129476064,7.750424819916608,7.254317131200162,7.0,6.0,13.5291412013912,7.0
10.0,12.710393295386694,6.639383857071216,5.908461504254026,5.403739825106717,6.698812506231174,8.0,6.0,11.098812844562849,7.0
11.0,12.971743883886134,6.396496480591017,12.373618773151147,12.126457570291752,5.793475852713856,6.0,6.0,12.275360389610398,7.0
1.0,13.978847827824396,6.712622015769388,5.099741363835763,5.356748090810306,6.71341631324712,10.0,6.0,14.491133958633961,7.0
2.0,12.043727021227966,6.733279855996032,10.122885015541051,10.073458969706316,8.430288582784716,6.0,6.0,14.376873672623676,7.0
9.0,13.089101653122441,6.399482979590941,13.050015412510515,12.912683999294412,7.004820988353544,6.0,6.0,20.877709605209596,7.0
5.0,13.898294348905111,6.894036731477128,1.877210895828597,2.7552753078581533,6.933814223752095,7.0,6.0,12.082915945165945,7.0
7.0,13.471173878137535,6.713032839347692,22.612814274392115,22.03772144280652,6.970998061321538,7.0,6.0,15.376485930735923,7.0
6.0,11.580903798563938,6.831573055215924,11.54933412136247,11.500238880490771,5.192343651252967,7.0,7.0,17.12249086099086,7.0
7.0,10.909375945001344,6.242118158499285,10.240939244515156,10.160896869127802,5.573682576351061,7.0,6.0,5.842753348503347,7.0
4.0,11.050660994611107,6.716294224820048,10.296897810203596,10.217754855430446,6.743592403773537,7.0,7.0,8.293858345358345,7.0
2.0,11.039888847185281,6.716161732386077,10.634991789206866,10.542471239619367,6.454343332213007,7.0,7.0,9.486406565656566,7.0
8.0,10.908519638412358,6.7149616903822515,10.05685730410877,9.982037834418525,5.517257838930148,11.0,6.0,11.186164081289084,7.0
9.0,11.995637228616566,6.898977143510838,10.22246959527046,10.254640294051631,8.023283772495963,9.0,7.0,13.15713924963925,7.0
13.0,13.345524766747296,6.650574862867649,10.18415598091202,10.073800719937605,9.902192596746001,13.0,7.0,13.256345358345351,7.0
2.0,12.703415981838504,6.4219882403647395,10.440187961598031,10.33507962777588,13.61818394524986,13.0,16.0,18.537607623857628,7.0
7.0,14.63186025741551,6.904211466689697,5.045045151728045,7.8088697284338195,9.951691429473177,11.0,7.0,10.361492174492174,7.0
28.0,12.04133355679754,6.255395980623907,10.241693793914244,10.161639509254654,7.251079240055616,16.0,29.0,9.919213564213562,7.0
1.0,12.516848516445073,6.898480220861699,11.072401392669521,10.950262930961932,6.881923626831248,9.0,7.0,15.81688205313206,7.0
18.0,12.5539898781349,6.412780253336371,9.46058819645801,9.825319440432438,8.538422960372849,9.0,9.0,9.848124699374699,7.0
2.0,12.653961311187842,6.415330270081657,7.071713314738629,8.437706391356038,9.887870653664462,11.0,12.0,8.482275012025013,7.0
46.0,12.534902219331684,6.2507699668534,9.648296180405447,9.596293906708565,7.648209717838391,13.0,13.0,20.702780460280465,7.0
33.0,15.192002487815657,6.904813880639328,2.276588582550298,3.9878037495606398,7.249011923055324,12.0,13.0,6.593827598327602,7.0
1.0,13.812550958028396,6.7232421498773105,10.26914488083441,9.580301042499537,8.79880681032109,9.0,9.0,5.600137566137568,7.0
1.0,13.022889272389307,6.247522096734096,18.55338603368871,16.62050608560473,7.111679218895131,9.0,7.0,11.12686137936138,7.0
1.0,12.458869936601033,6.844049012090514,10.340662882719723,10.260954032698406,0.7991937566152902,1.0,1.0,8.945101269101269,7.0
1.0,15.175613920068308,6.904391243584455,10.722049372338319,10.283312098493306,5.0925952319467305,10.0,5.0,3.3118341288341275,7.0
1.0,13.504862429158436,6.7443700802155595,10.240204779731483,10.190835477075286,1.125892382298117,1.0,1.0,3.031970709845709,7.0
1.0,13.278307029456755,6.898566500204113,10.500743267345028,10.257696797046453,5.772614217168405,7.0,5.0,14.0605992063492,7.0
16.0,13.184602896091832,6.742254841431266,10.247178135505267,10.188223077690484,5.684493642948719,7.0,7.0,7.378415764790766,7.0
13.0,14.286057727802117,6.726467743549594,10.133029427325521,10.092508975513846,5.254361339926707,16.0,13.0,13.726054186554187,7.0
16.0,13.488393634298625,6.900382054032604,10.366195305878433,10.254661709367133,5.819601074116781,11.0,7.0,17.223971380471383,7.0
25.0,13.766341634909487,6.899424930807179,8.984982009530114,10.021081679638618,6.265010097772725,10.0,7.0,17.339200669700674,7.0
14.0,11.8154834618488,6.725711269538619,6.124782057285804,6.999754614187067,10.668605358318654,11.0,11.0,20.384768638768648,7.0
11.0,14.607174207763734,6.9059950029287585,10.636878948959664,10.466160543916434,13.177496485542484,13.0,13.0,11.588074666074666,7.0
5.0,10.880072495251156,6.2492159352643775,10.241693817164725,10.161639535755391,11.576803594946172,11.0,7.0,14.197586200836207,7.0
2.0,12.752249858900214,6.913023024272396,12.185365685862772,11.711179777963064,11.881672545980193,11.0,13.0,10.863322362822364,7.0
4.0,12.23503389775724,6.643596388865448,10.201201110479584,10.085819239858617,9.02403345564213,9.0,7.0,15.11852164502165,7.0
5.0,11.964518770243757,6.8358486325589105,10.328193290692386,10.2604935634323,6.619359107025507,7.0,7.0,7.008746577496577,7.0
20.0,12.200410022623885,6.8377359786532494,10.328663993038173,10.260954022134776,7.945445530020785,7.0,7.0,12.085103812853813,7.0
10.0,11.608763912110646,6.245153262510032,11.207400652502116,10.256422709604262,7.218430882998104,7.0,6.0,10.14016865541866,7.0
6.0,14.040096760927668,6.903137248977926,11.83729477825252,11.172392003679482,9.825472180049756,9.0,7.0,10.090242664742672,7.0
5.0,12.45459859947757,6.426432255832827,10.415195638086713,10.323182416412786,16.44981835428019,16.0,28.0,20.161693963443962,7.0
35.0,13.272114003895993,6.747150244157807,10.246455166162585,10.190788338845756,10.620012597145717,9.0,13.0,14.54619281644282,7.0
13.0,12.348133741923732,6.84013008822002,7.973217847809979,7.861545008937259,7.740051218011511,7.0,7.0,7.854982184482183,7.0
6.0,13.014334782225546,6.91024409574106,10.10983522208474,10.065868096807007,9.73085156317595,9.0,8.0,8.895784299034299,7.0
10.0,13.961621530410639,6.902146897543127,10.77582744326121,10.446410428218849,7.133831984179047,9.0,7.0,12.288670542420542,7.0
7.0,12.737163423003636,6.723970328215111,10.984928951233504,10.9978526049367,10.0359799708562,14.0,9.0,17.59063095238095,7.0
1.0,13.17555139668255,6.428648871495684,10.415195638086713,10.323182416412786,15.387510725791708,24.0,29.0,18.23258128908129,7.0
7.0,13.019074371034243,6.424650857988981,12.30395166646229,12.16984631399132,13.640643643547744,16.0,28.0,22.71986592111591,7.0
48.0,11.844272723416488,6.379318302185223,15.849287480591268,15.85997099504679,5.96891357932362,6.0,6.0,18.947300736300743,7.0
23.0,12.455382192860881,6.873113548117591,9.442934633085018,9.371278952775077,7.054169577332435,7.0,6.0,15.902374699374695,7.0
2.0,9.988401307704294,6.7115443035739615,6.0999686255532195,6.099658472088778,6.575422180553766,7.0,7.0,9.659668845043845,7.0
6.0,10.379371153262497,6.61875314236408,4.100058687343588,4.10166927221211,5.708385468635631,7.0,7.0,8.75555976594212,7.0
26.0,10.803115804688098,6.806545816658252,1.3574921436768967,1.482321327743053,5.0052422238179295,7.0,6.0,4.647413540163539,7.0
6.0,10.717508143288683,6.808276939747295,6.422020911046451,6.36736797059501,5.937207554682539,7.0,6.0,14.424847735597728,7.0
8.0,11.29055550644393,6.872125776973348,8.571658673280265,8.534503544861074,6.475316390878651,7.0,6.0,9.59946605246605,7.0
6.0,11.489458257371531,6.228124184726743,16.237800102584544,16.30881355263629,5.831042531466384,7.0,6.0,25.163691438191435,7.0
1.0,11.452545487758783,6.6224128342371475,9.975868498750097,9.85174455677563,6.271117247305178,8.0,7.0,17.727311549561556,7.0
4.0,11.682237546258435,6.695728479320707,10.67419418153091,10.629659845455972,6.305569652246802,9.0,6.0,22.544932058682058,7.0
3.0,11.306119158511066,6.693128040673483,8.75209440192881,9.351458004792184,6.47839166003113,7.0,6.0,19.19993825618826,7.0
7.0,11.495837239630056,6.226592541313552,12.418364234541079,12.207249716433454,6.64998729494158,7.0,6.0,16.50143131868131,7.0
1.0,11.496235926021214,6.226496910791131,7.099983389680516,7.103345742367477,6.711656367614604,7.0,6.0,13.873925398675398,7.0
7.0,11.69470067523747,6.879401419066873,1.2696002536627233,1.4302984215543635,6.583006075413987,7.0,6.0,8.45857376882377,7.0
26.0,11.919113574741495,6.88062778571188,10.561261838725528,10.475925819983441,6.172577783491804,7.0,6.0,19.346589826839843,7.0
11.0,11.967891222722244,6.695668076105328,12.292823971908323,12.248674689197868,6.634153802269329,9.0,6.0,23.48776659451659,7.0
48.0,11.6374399600695,6.872072564565217,12.375487342339307,12.394538300023228,7.4777448471611985,8.0,6.0,13.382224571724576,7.0
19.0,12.46520737435199,6.879118970970578,10.900114928028586,10.955166304907298,7.024654094799228,7.0,6.0,17.258221304838962,7.0
104.0,10.193152504635982,6.807111342134871,10.22235538213671,10.160193632561272,7.340290828871717,6.0,6.0,13.504220816220815,7.0
4.0,10.624940257062804,6.871560157108801,5.899834418963367,5.9006700050489105,5.911932003443158,7.0,7.0,8.241160839160843,7.0
13.0,10.783691308003483,6.2266398728199155,6.58689472732965,6.775588228161245,5.714371433858219,7.0,6.0,9.679307618307613,7.0
10.0,11.02100683748047,6.226640032681868,6.178990288765721,6.1798933851921865,6.02212701099458,7.0,6.0,10.259235671735668,7.0
18.0,10.60230999511262,6.379991164723561,10.30634108964003,10.591449014387024,5.834595769310457,7.0,6.0,13.07991325341325,7.0
40.0,11.005088207566153,6.619793371108152,13.755297739236662,13.629101012470299,6.074875062396316,7.0,7.0,10.800220640470638,7.0
1.0,11.28939963703786,6.871742114069987,10.34162308053819,10.259970983521871,7.350909654427114,8.0,6.0,9.277876743626743,7.0
10.0,11.701486814814395,6.879125089100242,6.326485878592328,6.290738553178168,6.770042692758372,7.0,6.0,9.263660959410963,7.0
6.0,11.22846884367381,6.871551068506552,10.099998459079155,10.100232345235197,7.189945831913639,8.0,6.0,10.971872331372333,7.0
25.0,11.150083750874614,6.872619238491275,7.097370565054348,7.0387133593896385,6.944212439030621,7.0,6.0,6.617392385392385,7.0
15.0,10.420667579256381,6.807115788875863,10.556218245341794,10.454428816630296,6.578729475001217,7.0,6.0,11.451241758241752,7.0
12.0,10.893097915201707,6.712481846220893,6.739825451473536,6.848055149248526,6.730384516995733,6.0,6.0,15.095129749879753,7.0
6.0,10.14522893057407,6.805522575186142,10.590922260506584,10.469391182436171,7.052043148458146,6.0,6.0,16.976487556016973,7.0
18.0,10.88205448302692,6.7124089556305275,9.444422627859307,9.57827984518317,6.7356498471761785,6.0,6.0,15.62540548340549,7.0
9.0,11.637278935365828,6.379430436400524,19.296793404435366,19.359494247137842,6.243353758345824,6.0,6.0,16.14826110300376,7.0
11.0,11.892812576114494,6.69133719940349,12.38978160161144,12.380772587789567,6.9495928869142265,7.0,6.0,21.62388557520912,7.0
4.0,12.444501327951286,6.226736698801254,8.356485157192829,8.350850519434458,6.789077458323021,7.0,6.0,30.728768648018654,7.0
2.0,12.768389054357343,6.694171145431698,9.182908237033931,9.11213322292764,7.13274565344476,10.0,6.0,15.325423400673408,7.0
2.0,11.935550988378033,6.381640458892908,8.010420076682298,7.973792576394662,6.585668019722753,6.0,6.0,15.588624884374878,7.0
36.0,12.791487635257653,6.694709466687609,11.134168624698814,11.050867503725492,7.214949115337123,10.0,6.0,11.05512421837422,7.0
10.0,13.018111604976212,6.693273079932056,2.497538039336481,2.489784060440554,6.814651105367971,10.0,6.0,16.54922618122619,7.0
2.0,10.026586741667543,6.806386239905744,10.099596311946199,10.099003782160684,7.612145056729703,6.0,6.0,15.89801467051467,7.0
2.0,11.075732720882982,6.711529978146183,18.495210398089704,18.904516582955537,7.846172061114548,6.0,6.0,18.045092305842314,7.0
19.0,12.016962993041702,6.8726118388373605,12.77749658534537,11.666120014393499,5.730914624946527,7.0,6.0,12.868721500721499,7.0
13.0,12.920328446078742,6.226450152145833,12.3765819010776,12.302416369820737,6.133075449051276,7.0,6.0,18.252600246703192,7.0
17.0,12.624929983967334,6.691332717913032,11.81836013079827,11.651741936447298,6.017216444721466,7.0,6.0,15.476962694712698,7.0
13.0,10.62494025706281,6.871560157108801,5.8998344189633665,5.899926570613609,5.90090131800069,7.0,7.0,8.241160839160843,7.0
1.0,10.479973430611494,6.619569058394115,13.0466444208485,13.41852706782074,5.737374144230547,8.0,7.0,11.201607512857512,7.0
4.0,10.30886090585394,6.226687383983212,8.85590534091388,9.151726541473622,5.161149910045173,7.0,6.0,9.748805213305213,7.0
2.0,11.200315185803696,6.8722230051882605,11.029164817255143,11.171435823498934,6.6052536284907575,7.0,6.0,12.314553992303997,7.0
2.0,10.967225913722977,6.620494800750351,6.9166776432661825,6.842935777532864,6.029093462172012,7.0,7.0,12.783209614459611,7.0
9.0,10.89344591859033,6.694057619736922,3.9517432080642294,3.425994048459996,5.921853206308704,7.0,7.0,15.022209817959814,7.0
4.0,11.18314200002115,6.874852842103296,9.09251241381929,9.041792652331914,6.140939526606745,7.0,6.0,8.776700817700815,7.0
1.0,11.416752674626672,6.880355435643093,6.050332485783704,6.180969720155687,5.853305163659315,7.0,7.0,13.678863756613762,7.0
7.0,11.091318731008144,6.620492603681484,5.8695129343002534,5.814138268562068,6.056662387169071,7.0,7.0,8.62391704591705,7.0
7.0,10.94404788858273,6.383307557024488,14.116610628054996,14.143271094204508,5.635885561398695,7.0,6.0,18.35204754504755,7.0
14.0,11.267005852162981,6.87575902397914,7.954745342563321,7.885694049893354,6.008423578476558,7.0,7.0,13.856637390387396,7.0
8.0,11.495837239630056,6.226592541313552,12.41836423454107,12.200974493459157,6.648874919939872,7.0,6.0,16.50143131868131,7.0
9.0,11.241486273955758,6.692334005243094,11.736077636842115,12.049508052141853,6.653939488563596,7.0,6.0,13.628327829577831,7.0
4.0,10.66888800651028,6.808492662253924,3.6818553598382007,4.288092605833591,6.241613997334047,7.0,6.0,17.45964387464388,7.0
94.0,11.017978029984619,6.7147443580395505,7.786421562927758,7.875661915618151,5.964643648853419,6.0,7.0,7.780663669663671,7.0
1.0,12.48016886890457,6.694171767505003,8.166691573292571,8.826467983286598,7.409103183852492,10.0,6.0,30.284553677803675,7.0
6.0,12.065166934928634,6.693454445279495,5.252250104427327,5.14464096117391,7.033330610046125,7.0,6.0,17.0500402005402,7.0
2.0,11.585431781353535,6.715613346866816,12.413186035743424,11.92210913942982,6.9236303057966895,6.0,6.0,22.914973184223186,7.0
3.0,12.335832344944684,6.873497856046018,10.232527343055622,10.080724955424872,7.23813281721737,8.0,6.0,20.613668997669006,7.0
21.0,12.835118288069381,6.695725999168943,8.545633592093669,8.844202303434017,7.389090181800201,10.0,6.0,14.925091149591154,7.0
2.0,11.684822670926764,6.716269391114475,11.928926714383138,11.647869578157321,7.761002274198048,6.0,6.0,23.152162217412226,7.0
19.0,12.123310712859002,6.6228095350209175,10.070324571334805,9.980884398589673,6.614343812905461,8.0,6.0,16.694859353609353,7.0
30.0,13.146437054422421,6.696263382042235,8.573217315613748,8.69551686915252,7.581801441726008,11.0,6.0,11.605648407148399,7.0
11.0,12.918933043709629,6.226784888980204,9.52827075961204,9.527675818186108,6.361102688353802,7.0,6.0,14.868848198098194,7.0
15.0,10.242119616431552,6.695055133550021,10.241473522534262,10.137079381522238,5.864478832569396,7.0,7.0,10.818366809116807,7.0
6.0,12.132977392824394,6.876263312107131,10.393209254587088,10.285162470592198,6.922500941930351,8.0,7.0,13.579996901246906,7.0
19.0,10.29570425494574,6.229849968815308,10.24169379391494,10.161639509255187,5.123621209849966,7.0,6.0,7.010843850593854,7.0
57.0,11.543143558019473,6.885578303784222,10.366247591606584,10.254708358578924,9.417316594500432,11.0,7.0,15.751010822510828,7.0
56.0,12.54735724708285,6.408018278135958,10.415195638086713,10.323182416412786,12.299084539875436,16.0,28.0,26.43856673881673,7.0
9.0,12.367939373749337,6.883081790557326,10.366247591606584,10.254708358578924,6.778938889665903,7.0,7.0,24.654129999630005,7.0
7.0,15.549931694901176,6.883411174038955,10.393209254587088,10.285162470592198,7.365512437335004,14.0,16.0,19.848110028860027,7.0
46.0,16.651031580597206,6.099146092112137,10.412316235369756,10.39014636067948,5.570126727261437,7.0,6.0,29.504642501289563,7.0
4.0,13.522181209352851,6.101146122774939,8.214089767700393,8.194741506444405,6.987140230194942,6.0,6.0,9.405025955525957,7.0
6.0,18.3417281853877,6.100930124101554,5.7458461966238525,9.249440483952428,6.141751775671697,9.0,5.0,31.6273082010582,7.0
2.0,15.591881206836597,6.118418787468784,11.690169552374048,11.67872645913312,5.981308460769931,7.0,6.0,10.496848309098311,7.0
13.0,18.33146214943207,6.100693223249565,7.621250193050073,7.568775346628594,5.47046806829659,10.0,6.0,9.693790080290078,7.0
5.0,14.066093237858993,6.117845483940937,7.099823538927341,4.216810456088816,6.48845271020475,7.0,7.0,9.476844339211988,7.0
8.0,14.011365432637575,5.898063791056287,8.099879561768288,8.100090647307706,5.151604963011119,7.0,6.0,8.958037249787248,7.0
10.0,14.002394988836464,5.900148784930308,10.233528760183559,10.155036054014284,4.9822646620686015,7.0,6.0,10.890136604136602,7.0
7.0,14.066075454390713,6.098926731046394,5.100103569693152,9.082725441586224,5.237707081429614,7.0,6.0,13.078697395197398,7.0
4.0,14.930889435079465,6.119343237318181,12.51215622446446,12.20716256923288,6.122853993016794,7.0,6.0,13.775736892736893,7.0
1.0,16.04853838614224,6.100555148978874,8.201588314965367,8.207736243853349,6.088367931673206,7.0,6.0,10.442661902911897,7.0
24.0,15.533171301388307,6.100394038886411,1.1858344811283263,1.2508169778484923,6.053360088381794,7.0,6.0,5.421763199763197,7.0
4.0,15.524499517516205,6.10009797617802,10.132243329897072,10.213118217872182,6.127773136303414,7.0,7.0,8.53763576238576,7.0
5.0,15.674875036793367,6.099151752866171,9.899946878679291,9.858596407688623,6.466793057260917,7.0,6.0,14.236461612461614,7.0
5.0,16.43617504654882,6.446871240592843,5.742296837526085,4.623537255555931,5.80960827572296,7.0,7.0,19.153001850001843,7.0
2.0,16.015072059429826,6.102980202675185,10.199555784349569,10.084277150918082,6.276303258796883,8.0,7.0,9.678790848040848,7.0
6.0,16.35738661111249,6.101987900788581,15.073771800624051,15.28578618132336,5.806340973213125,7.0,6.0,13.382509869759865,7.0
9.0,15.721606196532264,5.899250687824537,13.768061605286384,13.116765702142326,6.065793422934664,7.0,6.0,10.295069245569248,7.0
17.0,16.56877641985963,6.0999270030727155,8.899916029215312,9.20053458280033,6.148972913050945,9.0,6.0,9.890342324342322,7.0
18.0,15.772685152086467,6.100093770274763,5.8994938296439505,7.7127161712500225,5.893329353308137,7.0,6.0,7.19220315332815,7.0
56.0,16.594470193639978,6.100824123779032,5.899449480861388,5.885249671715215,5.944779616712864,7.0,6.0,16.012786796536794,7.0
122.0,15.359875729640748,6.09889249460866,13.63938549667484,13.50271111066662,6.133078943173102,6.0,6.0,13.754613469319354,7.0
4.0,15.196484129695442,6.44562484725168,7.10026086672373,5.025653120294061,6.79219191769459,7.0,7.0,11.163216810966807,7.0
7.0,15.675884264623235,6.09927751985492,8.19144924782075,7.024083837168119,6.044690753597763,10.0,6.0,10.968269906019902,7.0
11.0,15.254756252085286,6.099932619601755,10.080606135273516,9.999157479598413,5.912774965396342,7.0,7.0,9.681673377548375,7.0
21.0,15.964104450075993,6.099276912032508,8.501893326990595,7.593810308424071,6.091068745428674,9.0,6.0,12.332424667924668,7.0
33.0,15.390468496140755,6.1025809795556984,9.902930625853648,9.871064617887454,5.688590166621659,7.0,7.0,8.740724941724945,7.0
5.0,15.596358287051196,6.100663280539402,3.8111690370700844,3.708465861515397,6.099305454711385,7.0,7.0,9.231563214563211,7.0
7.0,15.033676305687095,6.098896518774631,9.899898365421787,9.361409041436985,5.751664135780022,6.0,6.0,10.150500300625296,7.0
4.0,16.466335666890615,6.445729032947973,10.14411274087504,10.039680746379897,6.67681841314944,7.0,6.0,12.617037814037815,7.0
1.0,15.200733884760638,5.89741774735521,9.89988841555564,9.946023843059063,6.673613828672847,7.0,6.0,15.310412938912947,7.0
38.0,15.673793772028588,5.898047255622255,6.900207750621657,5.618589021953064,6.219241216773478,7.0,6.0,7.573659980542331,7.0
5.0,16.86469613227915,6.1001040421043005,7.594408919211883,6.482811526360113,6.143590504693973,9.0,6.0,11.677764309764312,7.0
6.0,16.862129623290215,6.100044826435301,7.910183845367022,7.038792864401606,6.154686659129948,9.0,6.0,11.602588624338628,7.0
2.0,16.24374441438941,6.100128448155141,5.24897119307223,5.30324122903815,6.079640056980109,7.0,6.0,11.943757298257294,7.0
8.0,16.243744414389354,6.100128448155141,5.248971193073437,6.376926189909309,6.1546369476258,7.0,6.0,12.43094621119621,7.0
3.0,15.675364943714627,5.897418160496136,13.254568679527967,13.01434006189912,6.527451294314898,7.0,6.0,20.65038275613274,7.0
6.0,16.510606341498132,6.099936416797795,11.314072306360616,11.368734933138688,5.93252046133297,7.0,6.0,8.38919985107485,7.0
5.0,16.53641060369563,6.1002095470063065,6.919511116997661,4.91668501148307,5.9279490533458175,7.0,6.0,8.83569576719577,7.0
5.0,16.148633524770915,5.89935711027263,11.682888813115785,11.08498569692642,5.854475507664629,6.0,6.0,11.053336681836678,7.0
16.0,16.471625329201522,6.099931070166217,7.712881217164654,8.276668771892304,5.941353134433053,7.0,6.0,17.397239175856818,7.0
14.0,17.40520537733967,6.099273883743243,13.463612055024651,13.086336964646875,6.117859881658252,9.0,6.0,38.32387111254756,7.0
20.0,16.580007437055343,5.899572982696162,7.399122840723151,6.96022879924336,5.287630110768449,6.0,6.0,15.40651791726792,7.0
3.0,16.0539107762227,6.102643786203086,5.377605100138393,6.202427551234102,6.46627772382939,6.0,6.0,13.64539658489659,7.0
15.0,16.462456751087117,6.121740374486112,11.619472060159177,11.590550685905233,6.011237612557547,8.0,6.0,19.48319994819996,7.0
4.0,18.020143383079017,6.100160843028224,8.221983407919282,7.752686120438048,5.652317875618428,10.0,6.0,23.00541666666667,7.0
2.0,16.18282589778522,6.099407170703057,11.352337136220912,11.23708972642374,6.295724677890905,7.0,6.0,27.539170292942337,7.0
2.0,16.78265464106019,5.89935263335393,6.049048240887794,5.893706010443766,4.811937209983181,6.0,6.0,10.033553853553851,7.0
11.0,16.78265464106019,5.89935263335393,6.04904824088779,5.888407111020841,4.810569895002468,6.0,6.0,10.033553853553851,7.0
32.0,16.787001225105982,5.899462061823945,5.32991371843366,5.227429249269309,4.840770635975494,6.0,6.0,9.39819745069745,7.0
2.0,13.23185351411567,6.098911863894395,8.439844369596958,8.34527151828214,6.716207668238601,6.0,6.0,22.75060661560662,7.0
2.0,17.187584515915603,6.099730912920576,10.034923569600947,9.933963870466048,4.883247099179352,6.0,6.0,16.015267917267913,7.0
8.0,14.644618649544938,6.099893923287237,8.100049036267428,8.099834707989356,6.260006606975788,7.0,7.0,7.644514961889965,7.0
18.0,14.617091911546439,5.898054823776462,5.100115794128251,6.903582418260488,5.548106352039284,7.0,6.0,9.382847060347055,7.0
4.0,15.182157835033124,6.446166899552117,14.41615689163196,14.297448228459402,6.306061715836558,7.0,7.0,11.93100472675473,7.0
6.0,14.486195834787125,5.898017923457278,7.71155999631445,7.624350743484495,5.632161069853873,7.0,6.0,9.921882996632991,7.0
20.0,14.90625866087985,6.1001743409021,5.228632514457961,5.203702205259346,6.113516445434681,7.0,7.0,7.848161375661375,7.0
1.0,15.666157325343242,6.104977038857558,3.10006684490011,3.2068182602074735,6.46433651618226,7.0,7.0,9.628566137566139,7.0
3.0,15.843249215307338,6.105488109206866,9.759130997981206,9.68168698368681,6.075482451103853,7.0,7.0,5.971068496318497,7.0
3.0,16.192523750090288,6.104549180768182,1.0998495674569124,1.2434203927708705,6.048959877298452,10.0,6.0,8.559469456469458,7.0
5.0,14.716534352418847,5.89963893648077,10.422687057956132,10.003478911680764,5.05979427238364,7.0,6.0,12.708449855699863,7.0
20.0,15.933222127653181,6.10117114471751,8.48635740071647,8.204377185826639,5.912996602276583,7.0,6.0,9.861007622007616,7.0
2.0,14.960198962355562,6.119068465188484,13.23215606184514,13.156101213499376,5.907188792641536,7.0,6.0,12.507850122100114,7.0
3.0,15.52765216061897,5.8996899155644575,10.846337334675953,11.160809350159031,6.021820361349381,7.0,6.0,14.56171745846746,7.0
5.0,16.43560231910461,6.104653355140893,10.633010056257124,10.50491796142121,5.800603494863126,7.0,7.0,7.6236173641173615,7.0
2.0,15.673209217924764,6.102093940760795,6.100025888090399,5.894557910055134,5.901040278878564,7.0,7.0,11.638428562178564,7.0
6.0,15.658049681992566,5.902974677335902,2.0996028015224972,2.456849005177805,5.964670658362977,7.0,6.0,8.919481481481478,7.0
1.0,16.298521797329357,6.100342124522772,20.321005355720686,20.107310160515368,6.010831781988279,9.0,6.0,13.633568722943723,7.0
9.0,16.288255761373676,6.1001052541674925,4.131047023115271,4.626036128666709,6.020607226674389,9.0,6.0,7.005639971139971,7.0
10.0,16.540544820981467,6.099275698552824,6.900422468279723,5.080397842513983,6.287747032612113,9.0,6.0,12.641798812298813,7.0
6.0,15.662964088708364,6.100208923641786,6.969485269454042,7.02675304772457,6.082415318385136,7.0,6.0,9.182032208532211,7.0
22.0,15.192560813741906,5.899314776628123,7.422388649903471,7.209498976962102,5.597095055359629,7.0,6.0,11.174060726310724,7.0
11.0,16.363034755262206,6.100210938542376,5.628706645601491,4.247551498474399,6.069891952362234,7.0,6.0,13.198259620009617,7.0
66.0,16.18228013843597,6.1033176406087595,10.04519559725726,9.93189484489311,6.209780880870668,8.0,7.0,8.180496114996112,7.0
3.0,15.54849485062553,6.119014246413963,14.272672059962897,14.580223134446173,6.463329143847538,7.0,6.0,18.08471428571429,7.0
17.0,16.95265170852184,6.102806696836527,8.671305754338286,8.629974943289149,6.661559818554472,7.0,6.0,10.549843406593402,7.0
3.0,16.931107413670162,6.1025448920847385,4.209083986504218,4.942178940156788,6.444895493915308,7.0,6.0,13.279505966255966,7.0
2.0,17.46502534305194,6.446463271099907,7.703963843279952,7.865572355338471,6.1120636109074775,7.0,6.0,12.773542633292628,7.0
1.0,17.432602676184445,6.447693268535431,10.521284666761185,10.409712278946532,6.225727963355264,7.0,6.0,20.291172503422487,7.0
25.0,16.3852137414666,6.104770659766597,11.007049506387872,10.947679368170434,7.315594266207484,6.0,7.0,16.344800384800383,7.0
11.0,17.677373994419213,6.448063816525989,14.207463966199272,14.188353040789597,6.358360021863051,7.0,6.0,25.14461423761423,7.0
1.0,17.236365062978663,6.100272270080312,2.103013078972273,2.140106047215623,5.015653387703329,7.0,6.0,5.269333296333295,7.0
1.0,15.637579301859674,6.118555434123624,2.3742293083704613,2.3065644178912397,5.968221060795138,7.0,6.0,7.227838143338142,7.0
2.0,17.981712537829154,6.446173777178217,9.015620912520925,8.909783640432874,5.858709084949121,7.0,6.0,6.602118150368148,7.0
1.0,17.365386373966068,6.101638070465341,5.602421508905096,5.889759079948338,6.059452956899442,7.0,6.0,9.166808478558481,7.0
1.0,16.11676900841138,6.101649253383054,5.467411692489194,5.7719951410914545,7.749722227977609,6.0,6.0,8.262234654234653,7.0
6.0,16.615855961017118,5.8994551353202,17.483929365682215,17.47092254865978,6.091745792972056,7.0,6.0,11.833730158730155,7.0
19.0,16.079327553749437,6.119875086800529,6.8274235464927475,6.8114557657659205,5.899313773254702,7.0,6.0,7.5730478595478585,7.0
15.0,14.747489432919949,5.901337950251699,12.067211606732151,11.265531113699101,5.836417317399232,7.0,6.0,22.32819143819143,7.0
13.0,13.998009438533742,5.9011710640273805,9.87876109436996,9.826867918468636,5.284734984365867,7.0,6.0,8.352731185481186,7.0
3.0,15.145211075114346,6.447567821489912,10.385237475183846,10.273728279052332,6.626450358784713,7.0,7.0,15.273763949013949,7.0
320.0,14.717919643241487,6.107460307140702,10.33106769866964,10.263357694965348,6.466448609500748,7.0,7.0,28.38011308136309,7.0
16.0,15.936923301444274,6.116349894162678,10.328465388514775,10.260923508066561,10.73285253608778,12.0,28.0,18.967294492544475,7.0
29.0,17.134501013000147,6.1169582704826775,12.911421020638333,10.211502646096987,8.630326003133995,13.0,28.0,19.98835384985384,7.0
11.0,17.20986054278628,6.111422511704989,9.018360029511207,9.071054175202123,8.520749452204228,10.0,8.0,33.8035735190735,7.0
2.0,17.03739949590215,6.1100606148904255,9.616821559957874,9.604958563697842,8.269021304141624,9.0,7.0,23.170795621045617,7.0
53.0,16.775668596817574,6.45334517055007,13.002218972757323,10.296270975299256,9.066453491749394,13.0,14.0,29.422878306878314,7.0
14.0,15.89354352641594,5.901870767398506,10.218611862374818,10.146218224918893,6.617143834821293,7.0,6.0,34.88500721500722,7.0
6.0,17.90920738158823,6.114579192437191,10.25814963845901,10.190828631689403,7.979663219231073,9.0,13.0,26.136950919450925,7.0
5.0,16.107735245205802,5.90729984602204,1.0999447942253742,10.312009094863946,7.778295089845905,10.0,9.0,19.18039923039923,7.0
1.0,17.809816492010853,6.113938280828737,5.1003225512612,10.190835477075286,1.2723769605577937,1.0,1.0,8.117716612091607,7.0
5.0,17.327619892930656,5.91844853695451,9.462621652276002,9.530151952989062,8.58300034259341,10.0,11.0,14.61326310726311,7.0
37.0,17.246601451100233,6.110309646557588,10.258541011747138,10.190918188806975,3.294572528172547,7.0,7.0,12.175818362193365,7.0
5.0,18.501786501873227,6.115760004449092,10.275666520409656,10.169976161188178,9.732547257662183,13.0,16.0,26.185680652680652,7.0
60.0,15.363947526013622,6.115421726795425,10.32866400390543,10.260954032698395,5.993076261638839,11.0,13.0,13.502107105857112,7.0
13.0,14.939618411783236,6.1068334313324435,11.474252443832146,11.243070615827422,7.211598420411788,7.0,7.0,21.576015530765524,7.0
18.0,17.03685373655283,6.11398620762815,10.201202351178331,10.085820205104165,11.282661976056303,13.0,13.0,22.305875541125555,7.0
49.0,16.810567042367737,6.110463785734585,10.376539447941255,10.251319833669372,9.637113865588415,9.0,7.0,11.790174214674217,7.0
18.0,16.282315538439022,5.91339618911866,10.415195638086713,10.323182416412786,7.416216439151771,8.0,7.0,49.42028823953825,7.0
49.0,16.294273513781633,6.106679879495423,10.578454598481391,10.440465293254531,7.1038199914931335,7.0,7.0,39.51217111592113,7.0
17.0,11.121274011390035,6.767698832361776,7.219456840503602,7.1860319567741175,5.034522739564865,7.0,6.0,8.109059403559405,7.0
7.0,10.285211111148897,6.350957871390194,9.521276639502117,10.567856283548776,5.364299047371777,7.0,6.0,10.898038785288787,7.0
1.0,11.557711573006522,6.855888427931731,15.81817031747772,15.788677071111794,5.9404154853416395,7.0,7.0,19.358049783549784,7.0
38.0,11.335301702744317,6.20808520124472,5.778226166688417,5.8494396623626175,5.452435950599806,7.0,6.0,8.1854273966774,7.0
17.0,10.977973472736124,6.769570455152798,6.172808018412273,6.1643671579251285,6.0916920012823015,7.0,6.0,17.92886099086099,7.0
2.0,11.813720282414309,6.207177658111483,3.271226848186253,3.1576509117435023,6.554922450983737,7.0,6.0,9.675180865430871,7.0
2.0,11.641808057316169,6.831783005775915,3.877331963398805,4.241206416454314,6.59694750735852,7.0,6.0,8.30384018051665,7.0
7.0,11.381032228043146,6.35194467227553,11.717730535763813,11.516084529564173,6.253516582209466,7.0,6.0,6.577891951186071,7.0
4.0,11.798878979315496,6.592590624193341,15.308600653966614,15.268170350678913,6.1793755303111775,7.0,6.0,14.608665038665038,7.0
6.0,11.301335695480404,6.772751890816616,12.214528266596412,12.12705115965373,6.340129443169996,7.0,7.0,23.498871091871095,7.0
2.0,12.338020473732158,6.855209139250582,4.387321148926827,4.171813914299086,6.702193212807666,7.0,6.0,8.061925976800975,7.0
1.0,12.338020473732115,6.855209139250582,4.38732114892704,4.4182639747221,6.8803631113056944,7.0,6.0,8.144779641654639,7.0
7.0,12.336512442715076,6.855270330076609,3.8995755029946517,3.908049641517273,6.629813419914903,7.0,6.0,6.193344988344988,7.0
27.0,12.050637125500145,6.207273345006525,8.51742380958285,8.502888318753628,6.709026582890856,7.0,6.0,11.114001739001747,7.0
15.0,11.685837857135127,6.590668110578438,9.200601299491828,9.001733328211692,6.26308909834826,7.0,6.0,8.114849724349725,7.0
146.0,11.975934087920301,6.350945238010273,3.1001250966136844,3.222036605357922,6.095372058526385,6.0,6.0,5.219927649692354,7.0
1.0,10.353245424943566,6.677742692875625,9.229373587649537,9.36326374821697,6.490401190572334,7.0,7.0,8.464209919709917,7.0
29.0,10.68461389745785,6.830814334589593,7.100165241908902,6.998305269582747,6.1257147527621365,7.0,7.0,8.072011187886194,7.0
10.0,11.33869053706917,6.207272841369787,7.962081547810744,7.8688950362009065,5.931282794161842,7.0,6.0,9.412826701076696,7.0
33.0,11.462784064733029,6.83359748129434,10.20777105543655,10.381572364509505,5.899111026482589,7.0,7.0,12.08540036815036,7.0
15.0,11.624144852226713,6.83234698546897,5.1186179595629175,4.903819477584923,6.381237053071097,7.0,6.0,10.277827367077371,7.0
3.0,10.587845632261178,6.766463525213739,4.099628089089117,5.072200791953629,6.80172699141564,6.0,6.0,6.835826654826654,7.0
2.0,11.551493139624881,6.830807009413207,4.899889437557793,4.0985816205718475,7.029608371115386,7.0,6.0,4.698495994745994,7.0
5.0,11.535986707708076,6.658501584286236,3.9001740459819025,5.962654846701488,6.93448768863142,7.0,6.0,6.925904438154433,7.0
4.0,12.092495139988799,6.854844061300099,4.900425672943383,3.153329735382325,7.002361922407165,7.0,6.0,5.436261974136977,7.0
3.0,11.516360094433516,6.831630783110519,4.899858783427186,5.343390752797376,7.178396028725668,8.0,6.0,7.459132922632924,7.0
8.0,11.724868988058361,6.830805538304916,5.641524836464058,5.706242710663254,6.837618533970187,7.0,6.0,8.72373197336433,7.0
9.0,12.28007679885755,6.6612701848610145,14.508347816334915,15.597499945961438,6.795935013683689,9.0,6.0,18.357521524771535,7.0
4.0,11.850323588530088,6.832295744298965,4.365905116701299,5.101962870941216,7.092462965572211,8.0,6.0,7.176617835867838,7.0
3.0,11.8667924301445,6.832339073716753,10.137229298092377,10.041191390568484,6.63403357773567,7.0,6.0,19.04901042938544,7.0
11.0,11.005644272850844,6.677734123967948,5.954450624965698,6.854911114361908,6.586885680231267,6.0,6.0,7.530490546490546,7.0
8.0,11.829792476510647,6.35260475511301,10.070381331718538,9.489444816840546,6.520010647434461,7.0,6.0,11.102524531024525,7.0
6.0,12.024064979609996,6.658498597471537,5.5916044712760495,7.572477227798791,7.024754960430319,7.0,6.0,13.270515863765858,7.0
5.0,11.764593715823821,6.350946810318361,5.900043021738375,4.804579564797992,6.450342118753877,7.0,6.0,6.593607326224975,7.0
7.0,11.940563909170237,6.832198717024943,5.113140777453002,5.7149519671344775,7.4168415501077,8.0,6.0,9.465608053983056,7.0
4.0,11.940563909170208,6.832198717024943,5.113140777452242,5.050367110069997,7.503343301369454,8.0,6.0,8.987224927849931,7.0
10.0,12.847921528932432,6.855174473123546,11.284244328942487,10.872918662770926,6.92128250540151,7.0,6.0,21.80876736444383,7.0
1.0,12.268104115560938,6.658497105867595,6.0999284490790275,6.1945740326567105,6.897268468169701,7.0,6.0,31.339700358193017,7.0
6.0,11.22311055548657,6.677731268850483,3.1000812444724213,3.2833785134456503,6.914215262448876,6.0,6.0,20.12401832454038,7.0
3.0,12.268104115560938,6.658497105867595,6.09992844907905,6.215375805457126,6.896929526878585,7.0,6.0,31.339700358193017,7.0
1.0,12.071620684925165,6.830802590016803,5.900005272042987,5.914068275830754,6.402571510920418,7.0,6.0,27.83594437044436,7.0
3.0,12.528457675583354,6.206509894755256,5.132728648248334,4.6681194977044775,6.955417643440197,7.0,6.0,27.65383180971646,7.0
7.0,12.528457675583368,6.206509894755256,5.132728648248634,4.72934837220852,6.9584867230621406,7.0,6.0,27.68178052766518,7.0
19.0,12.304632229253038,6.353928299727795,10.777471157903726,10.72182493401052,6.437696544831604,6.0,6.0,14.07654611129611,7.0
63.0,12.748629690240598,6.210624293376064,9.459958199246943,9.40301027989768,7.7154550526389345,7.0,6.0,10.90151763976764,7.0
17.0,12.591748230225448,6.830798152404404,9.445854032514923,9.45593914020906,5.302441259161767,7.0,6.0,15.150095339845336,7.0
1.0,10.684613897457865,6.830814334589593,7.100165241909028,7.10578469789246,6.120462707751313,7.0,7.0,8.072011187886194,7.0
15.0,10.315791027953281,6.658509072365533,6.900123064513759,6.893389340354096,5.325468452282316,7.0,7.0,9.77039238539239,7.0
1.0,10.367796208018888,6.353058012784543,14.475207836420479,14.416493803482606,5.2951262192182575,7.0,6.0,13.96216994579494,7.0
5.0,10.774928815149082,6.831790330975972,11.446262069458491,11.35506070440341,5.927635295065809,7.0,7.0,8.2163458276473,7.0
6.0,11.031365594324683,6.830811410591527,6.9747949044024375,6.693359554574921,6.680744300832117,7.0,6.0,8.021247243497244,7.0
3.0,11.192642233059004,6.832553990655302,11.59883602477535,11.487383324620911,6.1005110017879005,7.0,7.0,13.796758357383348,7.0
13.0,10.786130368165942,6.352944290486572,12.54250182669696,12.513254868003537,5.617648222680869,7.0,6.0,12.514777629777631,7.0
2.0,11.574299914194533,6.855215248722407,5.779011954541236,5.745542200114074,6.356125037579112,7.0,7.0,8.842934630184633,7.0
6.0,11.35474175792497,6.592015347430252,15.798437595258946,15.477199013391804,6.00894519475769,7.0,7.0,13.92968422318422,7.0
5.0,11.79308025208843,6.5955638417596285,10.19789531798245,10.082603544697243,7.070129809002568,8.0,7.0,8.299234811484807,7.0
1.0,11.424933595712034,6.663135759129671,11.889275615698091,11.764341872993151,6.251368792534298,7.0,7.0,8.801001230251224,7.0
4.0,11.209529593287364,6.681232761501163,10.334878130640105,10.265651273068602,5.70335645092265,7.0,7.0,11.941957792207797,7.0
7.0,10.93912263915037,6.768055625792089,7.294345771876768,7.384751895351325,5.999729187872434,7.0,6.0,10.236662245162245,7.0
2.0,11.307958491548078,6.83192533853706,10.099575843188916,10.099266134778881,6.375579469585279,7.0,6.0,13.487155723905717,7.0
16.0,11.808093101725042,6.83329948344044,4.896775707660287,5.50882107114557,5.66156137251796,7.0,6.0,14.536413660413665,7.0
2.0,11.439740488527988,6.682032183155439,10.789203568902762,10.723455381221363,5.70633661515225,7.0,7.0,10.690939884189886,7.0
2.0,11.494957649401925,6.682396212557416,10.091532620007285,10.039634974296533,5.54214524095549,7.0,7.0,7.885537749287754,7.0
18.0,11.16268471665689,6.770439631525568,9.799556441153731,9.740989214594157,5.829636785270845,7.0,6.0,9.42734896584897,7.0
11.0,10.587845632261178,6.766463525213739,4.099628089089117,5.071733874736614,6.801738293816307,6.0,6.0,6.835826654826654,7.0
103.0,11.55981213077434,6.591661823518563,9.004970066507754,8.962591858689148,6.1133256195266705,7.0,7.0,11.870581464831469,7.0
22.0,12.83208720325296,6.855817041717035,9.066113517227913,9.079659688420262,6.816988713323223,7.0,6.0,15.063752044252045,7.0
1.0,13.26536327769523,6.664078440933262,10.08406198424915,10.016958210381594,7.464879876050161,10.0,6.0,14.500496142746146,7.0
14.0,12.79128327745569,6.834094929078019,10.4298799340749,10.321527829882271,7.056794130343313,8.0,6.0,16.353918276168272,7.0
16.0,12.08109590426038,6.681950811976953,10.6650477843797,10.543992000051974,7.904403731929055,6.0,6.0,13.454224987974987,7.0
12.0,13.54845044517009,6.663958294871559,10.57931410272469,10.49866617163542,7.531475280214978,11.0,6.0,12.19765802715802,7.0
5.0,12.239696141903849,6.59112491177699,10.033635258615998,10.012477409593151,7.13349731125099,7.0,6.0,13.178896284271282,7.0
2.0,13.777640923877584,6.662582791246592,13.584238488460834,13.529131021838005,6.912524346587844,10.0,6.0,13.485882284382278,7.0
17.0,13.199506250792659,6.6609397951722755,6.112567027079431,6.081510626191394,7.01279443928952,7.0,6.0,9.661860269360268,7.0
3.0,10.414070437781177,6.768694197961861,12.523347212212398,12.29757234062844,7.703247467999753,6.0,6.0,10.94488758463758,7.0
3.0,13.231433820213297,6.208660540767679,10.19577095981136,10.116799871915113,7.145510144927579,7.0,6.0,17.65034319384319,7.0
5.0,10.791728966942955,6.855986351266854,11.26828130747814,10.262025055504953,8.968735850442059,7.0,6.0,27.950212962962972,7.0
19.0,11.115242245004467,6.68276595925997,8.528340055455475,8.515134518322157,5.910761407901379,7.0,7.0,10.045657481407478,7.0
11.0,10.93854733020774,6.681601066632757,10.530335028854006,10.464188866192062,5.903465048399237,7.0,7.0,11.926798460798466,7.0
30.0,12.113389851190078,6.686473600353116,10.27913889381933,10.19173447831288,6.022008697474773,6.0,7.0,37.981209114959135,7.0
9.0,11.930381805651123,6.86142907005564,10.233964202537218,10.257599754078594,9.907063672539374,11.0,7.0,16.650208994708994,7.0
13.0,13.124878453025701,6.678057699003632,10.275449639491992,10.169940029377978,8.775303718583968,16.0,28.0,16.4521913919414,7.0
4.0,12.698047193917063,6.385524883833502,10.415195638086713,10.323182416412786,16.62825550147211,24.0,29.0,24.225594035594046,7.0
2.0,15.644421344851565,6.8443549604934,13.029069425589999,12.915476862718851,12.24659563219349,16.0,28.0,21.863803437303442,7.0
46.0,13.009433953783002,6.84651406154465,10.045226548054961,10.003162048293897,11.377190784159955,12.0,13.0,14.42277224627224,7.0
1.0,13.698092124765324,6.8501792426644155,10.37603551306294,10.251237121937683,6.971137870669976,1.0,1.0,23.6235463887964,7.0
40.0,13.14832801580576,6.674756311498823,10.172975022676798,10.117487791396654,4.586631997102397,1.0,1.0,11.279913179413182,7.0
24.0,12.349540637315457,6.685157252203882,10.258156600068904,10.190835454696925,5.115747621851927,6.0,7.0,23.09965630665631,7.0
1.0,13.645206608054806,6.672909056777851,10.200064809146546,10.117487791396654,1.0255788893354278,1.0,1.0,11.606663170163172,7.0
3.0,13.578477374343947,6.671359795445714,9.13735866820514,9.354829107446678,6.453406306144286,11.0,5.0,11.805188838938841,7.0
1.0,13.49005218438711,6.844221217649143,10.374268450999255,10.250750410604006,8.955542183922425,9.0,5.0,10.929248066748068,7.0
1.0,12.979590520883036,6.860164009579957,10.366486880790763,10.254708358578924,1.0767354411454289,1.0,1.0,22.831748001998005,7.0
18.0,11.745203416095464,6.778108877695112,10.328762831193332,10.261020604341923,4.955484428119209,7.0,7.0,19.235420033670042,7.0
3.0,13.95372598254255,6.847337729729064,10.410748857769747,10.25123707102911,10.059051648054425,13.0,13.0,21.35789285714286,7.0
87.0,13.450481493934298,6.690979723671447,9.488810481250493,10.190339619223227,0.1726024203765073,2.0,1.0,4.64332744107744,7.0
3.0,12.245597267717471,6.778480371405574,12.171298429077627,10.314441592218792,9.356097909300496,7.0,7.0,21.591431096681106,7.0
1.0,11.918946557969164,6.376423585202545,10.771935522912761,10.594263065136355,14.38453696729708,13.0,14.0,20.906439116439127,7.0
24.0,13.057794595904127,6.605790060564784,8.065650631261194,7.985227544735853,9.902911668160735,13.0,14.0,15.957798821548822,7.0
13.0,11.545905244013284,6.214518029176584,5.1246473776125185,10.01871379494011,6.904629387360048,6.0,4.0,17.54222541347541,7.0
16.0,11.537532829798948,6.216544840671052,10.208024812710672,10.161095816286334,7.920914146115544,6.0,3.0,17.147926591926584,7.0
53.0,11.791393844509372,6.212544497615912,10.262675978094988,10.162538510492247,6.049541282296369,7.0,7.0,21.593016474266477,7.0
5.0,12.105553163461131,6.77978029754149,9.414454186892888,9.172423191772335,7.512147828314026,8.0,9.0,26.71659872534872,7.0
184.0,34.46410142618733,7.903819020964814,10.197529830918569,10.117487791396654,5.9486879932637535,22.0,4.0,7.905039201539203,7.0
69.0,36.09589519732463,7.902235417812962,10.197527396802268,10.117485482806694,4.905404364110629,22.0,4.0,7.63685316535317,7.0
297.0,31.61895210437656,8.805002187238578,4.935611330654146,5.855161392291639,4.611808131594769,8.0,3.0,12.886193001443004,7.0
4.0,40.864400787908146,9.727442228308387,6.20866335584737,6.317135676451693,8.38214470451294,10.0,61.0,10.458405483405478,7.0
2.0,34.289578814940484,7.900988652881009,9.771907514381866,9.695774923906935,4.603713172346091,14.0,4.0,8.391362313612316,7.0
3.0,33.930018969987444,8.615249130947882,10.659493225248484,10.608328682954117,7.264734669488518,8.0,29.0,8.046956524956526,7.0
10.0,42.08826335612826,9.114535364652337,9.495564212965988,9.474236626394845,6.978158885240093,8.0,8.0,8.29406939356939,7.0
4.0,42.08886138571501,9.11440781011674,4.183479373314816,4.299986738074778,6.858584940093644,8.0,4.0,8.617818080068078,7.0
1.0,40.2962970481665,8.922393613291387,4.145001476082148,4.300841194577119,7.5306559581108505,13.0,8.0,11.653417147667147,7.0
7.0,33.819584648239505,8.614620088534611,5.162354232723042,5.020371044685916,6.820776478943601,8.0,29.0,8.519460252710251,7.0
7.0,34.51876929364795,7.900024602646026,7.757559014440525,7.784631320607426,3.96252663000818,14.0,4.0,9.93723099123099,7.0
22.0,33.93936122173217,8.61468112413454,5.197583439652328,5.1124852022581395,5.749209823450427,8.0,8.0,9.249215367965364,7.0
3.0,42.55910689436626,9.115340564074364,7.0871403788604646,7.159282742492559,5.772171317429947,10.0,4.0,10.111102221852217,7.0
1.0,40.800533541207265,8.922541919628932,7.945426452092017,7.888370231723129,6.001107787549025,14.0,55.0,13.48608302808303,7.0
1.0,30.66622732532791,8.804270253436023,20.65574662467078,18.9420444707892,5.003609433929101,8.0,4.0,16.624768740518743,7.0
58.0,42.5652865334292,9.114023636298368,1.222135090758023,2.6308589161937714,4.2907219999564425,10.0,8.0,6.425374398749399,7.0
23.0,43.037126787645086,9.114618105172065,1.3505737090558299,1.2582774830655445,3.5684966254914285,10.0,4.0,6.742685374810375,7.0
2.0,40.424177248420065,8.751531336776306,4.8300416012141705,4.684532021000804,5.335877418310719,8.0,4.0,13.266263468013465,7.0
1.0,40.42040717087728,8.75171730800352,4.322982077822752,3.836543356537299,5.58781081165787,8.0,4.0,8.863778693528689,7.0
14.0,37.39110172075343,7.901164298554195,5.066496961769332,5.086699296932752,2.7986878487945557,8.0,4.0,9.785560485810485,7.0
8.0,37.24294120938231,9.669840722894678,4.780599464983872,5.571533284209082,2.853460814947761,10.0,4.0,7.755269351019352,7.0
1.0,40.34911788973166,9.726448552871442,1.100185754943677,1.100242056394622,4.470459560065749,10.0,58.0,14.774724599474599,7.0
1.0,40.67573470623175,8.75167796090107,1.1000162732164682,1.1000951745696153,4.985504307845795,8.0,4.0,7.430354192104198,7.0
1.0,43.273644944339765,9.114787433552682,8.09812286652056,8.327144773883548,3.778753007169788,10.0,4.0,8.404260952010953,7.0
5.0,43.27484100351324,9.1145325222443,3.3521017750677062,3.4611064078498206,3.4239341429512082,10.0,4.0,3.8835462454212437,7.0
1.0,40.31282692782701,9.726186533498039,4.899845268135896,4.901333347370937,4.28415501381726,10.0,58.0,8.675836006586009,7.0
5.0,31.211136857386883,8.804860291612343,3.587299275424053,3.687749618059934,3.3743090264899402,8.0,4.0,4.7332845248433495,7.0
8.0,41.771304011298135,8.922483588556496,4.121189300203169,3.917230703404842,3.4499961341871686,14.0,59.0,8.404389869389874,7.0
3.0,38.021914118003394,8.965075712421829,3.8998229694577446,3.683589937459895,4.070178401875065,10.0,8.0,5.97734802234802,7.0
4.0,41.71205720045578,8.921925567050575,3.100053415723357,3.416858032828573,2.9187646233452007,14.0,56.0,4.765457625707624,7.0
4.0,37.50275569320726,7.9001968376011495,3.778589752102665,3.776486881065747,2.9266463192096075,8.0,4.0,6.0093286990787,7.0
2.0,40.94237247421427,8.751080025992826,3.900244290008505,3.810629111931397,3.891050448223983,8.0,4.0,34.391219288508765,7.0
2.0,37.50275569320725,7.9001968376011495,3.778589752102299,3.5996870894383726,2.9060468861734736,8.0,4.0,5.8409160006660015,7.0
3.0,31.149050194616734,8.804260927954564,3.9004406041264907,3.566468561490037,2.898400682522233,8.0,4.0,5.10639483582866,7.0
2.0,38.07407312655285,8.965970012808185,8.26346254578754,8.294890241009407,4.478822558114096,10.0,8.0,6.952802844214611,7.0
1.0,43.748674689684805,9.114701303953916,12.926098068443068,11.121332695497893,4.480024208648393,12.0,4.0,40.849104127354146,7.0
2.0,42.096134252943166,8.923241288186066,2.504520651066093,3.1222843254926067,4.459794935709382,14.0,61.0,17.588872090872094,7.0
10.0,42.10152032665617,8.923291876153206,5.55660780129771,5.510465517881875,4.619700214837486,14.0,61.0,21.267843036593035,7.0
3.0,38.233254490099796,8.96507372315936,2.4209431019704972,2.4035687568644555,4.508566227105627,10.0,8.0,13.661535131535139,7.0
1.0,43.746880600924676,9.115083308261656,5.953013130098425,6.171034413027954,5.469619949918856,12.0,4.0,27.21236632811632,7.0
5.0,41.17055545126096,8.752378983862172,12.246996260028595,11.418547152465866,5.504438089831517,10.0,4.0,48.82826178451178,7.0
3.0,43.73472066599439,9.117656784583698,10.241693793914244,10.161639509254654,10.048175130589264,14.0,4.0,42.5471546231546,7.0
8.0,43.73711278434133,9.11715268649191,10.241705398832366,10.161650952915599,9.130120208257424,14.0,4.0,39.15734882709881,7.0
21.0,38.02400465201051,7.90211576586628,9.239164356353491,9.50439486528881,4.587402031966407,10.0,4.0,53.71436315536318,7.0
4.0,36.50551248394999,7.899514834894411,5.5166002248775365,5.130656400795354,5.234813963651009,22.0,4.0,51.93782965727082,7.0
14.0,34.54366320484398,7.9051006886494655,10.197529816790741,10.117487778663202,7.642551115721108,23.0,4.0,18.324593795093783,7.0
12.0,34.75924995991329,7.908546247767184,10.197529830918569,10.117487791396654,11.79745080348683,1.0,1.0,15.801405002405,7.0
2.0,41.69909291171497,9.733419180472746,10.328664010137071,10.260954038478484,13.150350035740562,14.0,61.0,52.8124911014911,7.0
3.0,33.91273109829571,9.090364079662438,10.413496518155599,10.320455003574866,7.210978412832884,13.0,22.0,14.60765115440115,7.0
11.0,33.26541044497215,8.183515349858375,10.199481505074635,10.084508128619763,5.33089133906143,14.0,23.0,11.56789538239539,7.0
19.0,34.18933636158971,9.096271859497465,10.239410905636175,10.159411158553795,6.50015597819793,14.0,23.0,7.4957918470418505,7.0
5.0,35.01946588853947,9.129242051745072,5.549653122704516,6.068193363257325,7.941111469636839,13.0,23.0,7.269501924001925,7.0
8.0,35.12180128908545,9.130230521088713,2.162808869257322,3.26677342390368,8.565392853525006,13.0,23.0,10.870126142376138,7.0
9.0,33.98063419688125,9.087787201211896,10.415195638086713,10.323182416412786,8.99100268993143,12.0,15.0,35.44650865800865,7.0
1.0,34.50150060927223,9.900017068970817,7.695827181329962,7.947880702501044,7.668076089516558,13.0,14.0,11.614351648351654,7.0
1.0,30.626590112405406,9.92082289573484,8.825755400463535,9.09926198974103,7.74372186895914,13.0,23.0,8.770403318903318,7.0
3.0,30.989499731451918,9.923476943466733,10.323816293887969,10.257879724784429,7.694840445896551,14.0,27.0,9.41269733044733,7.0
2.0,35.03401826780669,9.10122686147935,10.393209254587088,10.285162470592198,7.392600203138407,24.0,46.0,12.03020658970659,7.0
8.0,34.450609295103924,8.902818366260782,10.366247591606584,10.254708358578924,6.369605343616874,25.0,46.0,9.158176980426983,7.0
1.0,34.971625472976804,9.902563174502324,7.8873316211453695,7.756228417415588,6.917162635581836,14.0,23.0,9.263575554075555,7.0
13.0,34.51922470638164,8.899518506839938,10.31513069113953,10.227128457969359,5.795531357091973,15.0,29.0,6.229828255078254,7.0
3.0,32.789501570018984,8.910444810386993,10.258156709638586,10.190835477075286,6.333751456374799,18.0,47.0,10.672915260665258,7.0
1.0,32.03854818213303,8.906114237300542,6.872831417635103,6.851316571617549,7.769955010264919,13.0,27.0,12.63986279461279,7.0
5.0,32.180411619975146,8.90630409893804,9.938688174605788,9.984571996966135,6.819293573054782,13.0,28.0,10.697631784881782,7.0
15.0,34.90208032280298,9.096098126966279,9.314542608925233,9.18780823478789,8.178215866317082,14.0,24.0,7.832478771228768,7.0
9.0,32.93136500786132,8.910633104599736,10.258156709638586,10.190835477075286,6.885395285120872,18.0,46.0,10.209633403633406,7.0
9.0,32.67736606784103,8.909172859982647,10.258156709638586,10.190835477075286,7.123419919717616,16.0,36.0,10.234700863950868,7.0
7.0,32.63149115871178,8.908280073695689,10.258549132401516,10.191231509447244,7.7516749206361375,15.0,32.0,12.938311975061975,7.0
10.0,35.08567692472286,8.896714614324916,8.298684093374597,8.423993088525132,6.269443820572522,13.0,14.0,14.522029674029678,7.0
25.0,34.55730774157726,8.214435945170901,7.261802193734601,7.254310677537896,6.801957577051739,19.0,14.0,15.443534114034104,7.0
6.0,33.67029822279312,8.181959624162937,17.366514204452688,17.21209057041022,9.558612480309591,14.0,19.0,26.40787854737855,7.0
1.0,36.26492611799042,9.131829735191523,7.9874100397570444,7.936521385517771,9.975708304212208,14.0,25.0,13.058547267547267,7.0
7.0,35.366544878782335,9.098282540253972,10.282916762910686,10.185186638821369,7.678382165780661,19.0,29.0,11.508840603840603,7.0
36.0,29.501890380949973,9.84010569036877,10.247842481697504,10.14723232770639,5.9877552038351585,14.0,23.0,30.1277268102268,7.0
2.0,29.110126171475358,9.06397490524169,15.586671013678192,15.4491717017012,8.06978194424488,12.0,15.0,22.573386483886477,7.0
23.0,29.286735462246284,8.856789068180905,6.060271485836099,6.044767452658352,6.503393454715868,11.0,14.0,13.468819032819036,7.0
14.0,29.23888144670179,9.062516620141107,6.146114876866095,6.220131359026772,9.304000318648253,11.0,14.0,22.98071435862612,7.0
26.0,25.92405018780796,9.862048500270129,8.66446732084558,9.112352964502975,6.521274315305195,11.0,15.0,12.40786326636327,7.0
24.0,27.883816440122885,8.095867625463999,19.377045523774765,20.105150723263613,7.980991507728248,11.0,10.0,17.447762820512835,7.0
47.0,25.648611539125643,9.860581183764316,19.99547549783291,20.669315790376746,6.733546763799467,11.0,14.0,20.61487290487291,7.0
53.0,27.868137259807256,9.8350620940369,9.089312832844033,10.10381311376054,11.20196730465506,11.0,13.0,9.632917767417766,7.0
10.0,27.195155098620845,8.117557574511611,10.197355758080013,10.117317701140534,8.768696785320643,15.0,13.0,45.40075213675219,7.0
2.0,28.220184390315808,8.859156711167552,10.521286127588153,10.382302967017528,8.344126030771601,13.0,14.0,13.395679662929664,7.0
4.0,27.84347547785476,8.100914589136538,17.366506281337802,14.781724354261746,9.604039666223146,13.0,14.0,36.48452164502163,7.0
13.0,29.128933117428126,9.108513433652789,10.09983132490244,10.020171487564898,8.783129877831911,12.0,14.0,11.416386002886,7.0
8.0,28.71726914812521,9.837871738450179,17.362060366183183,13.328209231857304,8.145672574043942,13.0,14.0,25.947004856254864,7.0
4.0,28.188397571622673,8.103358955227106,10.201201093748775,10.085819223075928,9.073912088095334,14.0,23.0,13.63166537166537,7.0
21.0,29.04547056974377,9.839183442984218,5.878938697859398,7.36257300229669,7.10352429336558,13.0,14.0,36.594171698671694,7.0
5.0,26.911115590744945,9.866495009301694,10.328885489997813,10.261092400926385,9.4682301174813,13.0,21.0,13.596046758796762,7.0
23.0,29.361663753406702,9.109497643696232,8.726801534383005,9.477473921220406,7.223116853190198,13.0,14.0,29.646655483405468,7.0
4.0,29.565832443911134,9.069662320053093,11.980417114920499,11.879210750192298,8.595027776095089,13.0,14.0,18.09477104377105,7.0
22.0,27.861713049913163,8.099272736351756,10.224093734994883,10.099029448070793,6.948749891363813,12.0,14.0,11.777688792688787,7.0
1.0,28.76404169395928,9.06159941393431,8.100164125412368,9.988655551179967,7.92629584546335,11.0,13.0,53.73560197210199,7.0
9.0,28.11448352243967,8.113657478824322,5.570026619666622,5.983840056468736,7.315028271267327,15.0,10.0,11.454792013542017,7.0
8.0,26.142492521952338,9.861989442149635,1.0999174228478523,6.228980581391676,8.578563626262785,11.0,15.0,13.148812049062046,7.0
33.0,29.789993103878913,9.067127561521485,13.332586158354253,13.309287136377003,7.794782667991747,11.0,14.0,17.29419118844117,7.0
19.0,28.954379919405135,9.010583987010767,9.21558687345701,9.138946035479535,7.490477284656823,12.0,13.0,17.42578996003996,7.0
1.0,29.958627207848608,9.066399319390847,4.099410309382685,5.375231001068358,7.642759968981104,11.0,14.0,10.490113469863463,7.0
2.0,29.586549912604923,8.854550489747114,2.0995441783376556,2.109971119189403,6.073816365553741,11.0,12.0,12.230551683610514,7.0
3.0,28.611362114688475,8.112316256465732,5.900019685046278,5.902724448742081,6.106800185133471,15.0,10.0,14.838641247641263,7.0
4.0,30.326075954178773,9.106226786243266,3.8997545955352733,4.42868490854164,9.775988955096839,12.0,14.0,7.482811346061346,7.0
4.0,26.17511626245325,8.821163780085481,6.980893356744284,9.115445714091026,10.655190049686778,10.0,15.0,17.865192326192332,7.0
13.0,28.93294691699721,8.112877853340635,10.60547409154388,6.834280401097975,5.560592533270606,15.0,10.0,18.601443907943917,7.0
1.0,30.561796738091157,9.1065722741954,2.8657292902271116,2.9742371155769565,11.22957473615612,12.0,14.0,22.79109287009287,7.0
5.0,28.115425641242638,9.007442845928583,12.899742906572435,13.291750230690411,8.19501912718321,11.0,11.0,16.1557047952048,7.0
17.0,29.84263146346791,8.854473332495784,8.34831253564484,6.8803310222323475,6.019345151154529,11.0,12.0,23.42163089633678,7.0
3.0,29.47932549870336,9.833985552407107,6.168438791381857,5.900235725445029,13.393435211596692,11.0,13.0,33.31482676582674,7.0
34.0,28.23613135856489,9.007440464911344,16.74745518005753,18.011472442219738,9.253112534222772,11.0,11.0,23.314807359307352,7.0
39.0,29.50938728790271,8.112876091196021,14.656481707281372,15.096625447637983,6.8843307777191285,15.0,10.0,25.62079353054354,7.0
11.0,26.65200705330033,8.095061851827571,10.201082126958482,10.085709633096897,16.4250934722296,13.0,13.0,12.53405962093463,7.0
16.0,28.733045454380935,9.066356936047946,11.51089331175399,11.521960330869293,9.180831272006488,11.0,13.0,11.229511793761791,7.0
4.0,26.37908033704836,9.862063279297454,10.243083960352033,10.210307969841494,12.144933395307756,12.0,23.0,17.71624783549782,7.0
1.0,28.116980825532835,9.061374845046974,4.972915028438501,5.316596731942017,11.085769465094247,11.0,13.0,14.365280062530065,7.0
4.0,28.356009477360644,9.834778645966741,2.4117913846449897,2.2582903134411882,9.672626450360934,11.0,13.0,9.344582417582414,7.0
7.0,28.25442926885087,9.060065644562217,9.763850249122438,9.721455497227746,10.55265584961102,11.0,13.0,15.510020747770753,7.0
25.0,26.139448435904498,8.824118203891768,10.258838052358373,10.191502001861666,8.478868198195162,10.0,14.0,15.28469375069375,7.0
4.0,27.89155864375128,9.00830423044035,9.819376187875516,9.824845264279492,8.530660520811038,11.0,13.0,14.517698653198659,7.0
27.0,28.60486033041255,9.062522560467396,3.3766813854252025,3.363838156391491,9.023861808635779,11.0,13.0,16.774073593073584,7.0
2.0,26.25752382896708,8.823539438244257,19.446899602077856,19.427587508490365,7.829636002537324,10.0,14.0,22.16139977152477,7.0
7.0,28.956691658217167,9.011377714938144,10.278957836547601,10.468162654296062,7.557354028004301,13.0,14.0,15.2756698024198,7.0
13.0,27.48279448045338,8.0956681459006,11.160989634434118,10.651087221448465,6.292722565715873,10.0,10.0,8.53025789025789,7.0
14.0,28.672763428997932,9.059984742697798,11.774148937382888,11.690229872543801,9.495512595371492,11.0,13.0,13.686808580308583,7.0
4.0,25.830762911365305,9.860255119902023,3.79480378826437,4.071625051993378,7.393374832343736,11.0,14.0,9.685962028712032,7.0
2.0,28.836627707965008,9.83292986886822,9.591389371771161,9.758331922670548,10.72329444746151,11.0,13.0,14.283879592629589,7.0
15.0,29.719974145610678,9.066453170891519,10.663677266732853,10.323324311355451,7.574489164892882,11.0,14.0,8.216479834979834,7.0
2.0,28.343674001147136,8.112663382908723,13.383391650335554,12.528008584816373,6.577335835217466,15.0,10.0,15.024297387797388,7.0
2.0,29.06936466891603,9.059518829531099,4.135010761260129,2.181470955920334,10.322336284650024,11.0,13.0,9.280989259651022,7.0
327.0,25.73677907220599,9.860119171892759,5.147891248370191,5.765377196660115,5.9499170543323,11.0,14.0,5.528839706589702,7.0
13.0,30.091152543048747,9.105707387675185,2.8853496061380683,2.701056563829776,9.054850339271376,11.0,14.0,9.519193815443815,7.0
6.0,28.952746887853735,9.833935740369862,10.256001266608733,9.978350678160618,10.158224611802172,11.0,13.0,12.197442881192885,7.0
3.0,27.858781508257266,9.007397336945955,8.351868927454447,8.663526284284464,7.937360147886186,11.0,11.0,9.714502923002923,7.0
18.0,28.642160222555574,8.112835496127985,3.899708831054191,3.9702324359169463,6.069803486009376,15.0,10.0,4.9572579180079135,7.0
5.0,29.010003556398402,9.832927897563533,6.100248340911148,6.063175655697685,11.449741609348937,11.0,13.0,14.77806107318607,7.0
6.0,25.65512440792068,9.859518106326554,4.899879367840157,4.888911536974473,6.4295409388264275,11.0,14.0,7.066659733784735,7.0
4.0,29.958627207848657,9.066399319390847,4.099410309381944,4.167247255667819,7.965506075743017,11.0,14.0,9.005512700262695,7.0
18.0,29.828305168805514,8.85518437439393,14.64545537456124,14.527205407739753,6.025198881052326,11.0,12.0,13.58518762718762,7.0
122.0,20.773048637239732,4.10152791050722,10.393406561868453,10.285352694915646,1.4830504654011714,2.0,2.0,8.817777204277212,7.0
39.0,31.236484806467047,7.100718437189107,10.895825937402346,10.582334934823928,12.120591958088639,4.0,2.0,30.6068033910534,7.0
7.0,29.719351031237863,5.092021123191888,10.368168176015216,10.249952665032156,19.67828140324503,2.0,1.0,40.26193674843675,7.0
2.0,32.268191886244495,7.100789195598277,10.366211200729026,10.254708347314683,14.45274091660456,2.0,2.0,25.456770322270323,7.0
28.0,32.2629137776844,7.100855664415826,10.238093995469313,10.254708358539995,11.143135337214044,1.0,1.0,25.92656794131794,7.0
61.0,29.616523323414732,6.898972209568464,10.241693640641907,10.161639503048544,5.84977360699376,2.0,2.0,56.91017416842419,7.0
55.0,32.932382398654276,7.1020345765179185,10.366247591606584,10.254708358578924,4.818291749277412,2.0,2.0,21.744305796055794,7.0
29.0,31.670009285699848,5.097819723786344,10.374373003141725,10.25105949153512,4.490895288242676,2.0,2.0,12.072387732637736,7.0
14.0,33.425080218819595,6.903107978729161,10.328664003905445,10.26095403269841,4.666488622614467,2.0,2.0,24.36833246383246,7.0
8.0,20.87967752562689,4.101687610249264,11.086050122087642,10.889301029516048,1.426133852327128,2.0,2.0,6.764317127317132,7.0
4.0,30.492360158145736,7.098013601453825,10.25413791834843,10.19018999002487,6.6350918415793165,2.0,2.0,30.94288095238093,7.0
106.0,20.665263879446556,4.101185342253774,10.393209254587088,10.285162470592198,1.516443491884714,2.0,2.0,11.805906232656236,7.0
130.0,20.020660675436524,4.101856157679969,11.08588585797545,10.779873206403305,13.230108174153129,2.0,2.0,32.93345935545936,7.0
55.0,29.748178797331192,6.900417097568475,10.051593494692874,9.995089855689516,9.028597668612,3.0,2.0,55.54107696007696,7.0
1.0,18.87127308342356,4.099070389210142,10.393209254587088,10.285162470592198,7.213340494454491,2.0,2.0,17.379361971361963,7.0
8.0,32.07068201619065,6.897631234952208,10.32866400390675,10.26095403269915,4.231284790807839,2.0,2.0,19.829039506789496,7.0
2.0,32.910687343858356,7.10320124489846,3.7009704474651404,3.6990781516443585,7.953098554690766,4.0,2.0,15.207104256854267,7.0
1.0,33.3505772838547,7.0999751926845365,5.159626259088782,9.643769033516811,6.979627209461659,3.0,2.0,21.8759853942354,7.0
7.0,20.45547371089029,4.101416101498256,10.39320925478091,10.285162470762693,3.4967570709286777,2.0,2.0,10.96672395197396,7.0
3.0,31.717097171974487,7.099247674893707,3.6799152834072046,9.318468461025553,6.104239801989404,2.0,2.0,20.66896226921227,7.0
2.0,31.178754133413165,7.100470938831142,10.261131209962148,10.19355795119097,6.813038997882575,2.0,2.0,24.32194324194323,7.0
1.0,30.653903497512218,6.900920299580248,4.395360255393462,4.397950674567152,5.725622067403577,3.0,2.0,15.749663059163058,7.0
2.0,32.37101197474279,7.10170957437683,10.35620395035107,10.08581921209216,6.998742735585373,2.0,2.0,53.827454795204794,7.0
4.0,33.66422790559762,6.9037051609376165,10.33150363374447,10.26124280673023,5.520413184554335,2.0,2.0,15.088611111111101,7.0
5.0,33.44303746936325,7.1020133133681,10.366247591606584,10.254708358578924,3.1350431606535683,2.0,2.0,32.73855352980353,7.0
3.0,33.8872325047688,7.108391713302233,10.275449639491992,10.169940029377978,13.374728938937867,1.0,1.0,19.710682900432897,7.0
