model,train_rel_%,test_rel_%,test_rel_std_%,train_mae_days,test_mae_days
Linear Regression,462.48934075656064,468.8874196392719,89.52297620846845,21.12236815293967,21.368399603485322
Support Vector Regression,151.5663756505914,153.78114356642905,23.49579305744378,17.035650626944403,17.122581711616068
"SVR (gamma='auto', 2018 default)",56.42640250182362,187.26613498501865,22.427949073561358,12.39757944800446,17.398555308374632
"SVR (gamma='auto', X-ray x1e6)",49.95518648356773,187.2662859849933,22.645731279323897,12.227051003970125,17.347237339955047
SVR (standardized features),143.3678737551029,159.07916401583788,29.827775507555938,16.18491000679929,16.94260520963806
Naive Bayes,179.9635375066075,183.6243384769467,22.922670457686003,17.25060238236709,17.380076888285842
Naive Bayes (reference density),207.48250804100877,218.2014771698271,101.08873823814226,18.01789859378095,18.399095431931254
Random Forest (new model),267.156503916147,395.68942059724435,81.10985648131793,13.900975549326096,20.07016393340799
Median baseline (sanity check),145.87737427224135,145.91042682101278,19.04649200227316,17.095307132954193,17.09507010402533
