year,month,satellite_used,reference_sat
1978,1,,02
1978,3,,02
1978,4,,02
1978,5,,02
1978,6,,02
1978,7,03,02
1978,8,03,02
1978,9,03,02
1978,10,03,02
1978,11,03,02
1978,12,03,02
1979,1,03,02
1979,3,03,02
1979,4,03,02
1979,5,03,02
1979,6,03,02
1979,7,03,02
1979,8,03,02
1979,9,03,02
1979,10,03,02
1979,11,03,02
1979,12,03,02
1980,1,03,02
1980,3,03,02
1980,4,03,02
1980,5,03,02
1980,6,03,02
1980,7,03,02
1980,8,03,02
1980,9,,02
1980,10,,02
1980,11,,02
1980,12,,02
1981,1,,02
1981,3,,02
1981,4,,02
1981,5,,02
1981,6,,02
1981,7,,02
1981,8,,02
1981,9,,02
1981,10,,02
1981,11,,02
1981,12,,02
1982,1,,02
1982,3,,02
1982,4,,02
1982,5,,02
1982,6,,02
1982,7,,02
1982,8,,02
1982,9,,02
1982,10,,02
1982,11,,02
1982,12,,02
1983,1,,05
1983,3,,05
1983,4,,05
1983,5,06,05
1983,6,06,05
1983,7,06,05
1983,8,06,05
1983,9,06,05
1983,10,06,05
1983,11,06,05
1983,12,06,05
1984,1,05,05
1984,3,05,05
1984,4,05,05
1984,5,05,05
1984,6,05,05
1984,7,05,05
1984,8,05,05
1984,9,05,05
1984,10,05,05
1984,11,05,05
1984,12,05,05
1985,1,05,05
1985,3,05,05
1985,4,05,05
1985,5,05,05
1985,6,05,05
1985,7,05,05
1985,8,05,05
1985,9,05,05
1985,10,05,05
1985,11,05,05
1985,12,05,05
1986,1,05,05
1986,3,05,05
1986,4,05,05
1986,5,05,05
1986,6,05,05
1986,7,05,05
1986,8,05,05
1986,9,05,05
1986,10,05,05
1986,11,05,05
1986,12,05,05
1987,1,06,06
1987,3,06,06
1987,4,06,06
1987,5,06,06
1987,6,06,06
1987,7,06,06
1987,8,06,06
1987,9,06,06
1987,10,06,06
1987,11,06,06
1987,12,06,06
1988,1,06,06
1988,3,06,06
1988,4,06,06
1988,5,06,06
1988,6,06,06
1988,7,06,06
1988,8,06,06
1988,9,06,06
1988,10,06,06
1988,11,06,06
1988,12,06,06
1989,1,06,06
1989,3,06,06
1989,4,06,06
1989,5,06,06
1989,6,06,06
1989,7,06,06
1989,8,06,06
1989,9,06,06
1989,10,06,06
1989,11,06,06
1989,12,06,06
1990,1,06,06
1990,3,06,06
1990,4,06,06
1990,5,06,06
1990,6,06,06
1990,7,06,06
1990,8,06,06
1990,9,06,06
1990,10,06,06
1990,11,06,06
1990,12,06,06
1991,1,06,06
1991,3,06,06
1991,4,06,06
1991,5,06,06
1991,6,06,06
1991,7,06,06
1991,8,06,06
1991,9,06,06
1991,10,06,06
1991,11,06,06
1991,12,06,06
1992,1,06,06
1992,3,06,06
1992,4,06,06
1992,5,06,06
1992,6,06,06
1992,7,06,06
1992,8,06,06
1992,9,06,06
1992,10,06,06
1992,11,06,06
1992,12,06,06
1993,1,06,06
1993,3,06,06
1993,4,06,06
1993,5,06,06
1993,6,06,06
1993,7,06,06
1993,8,06,06
1993,9,06,06
1993,10,06,06
1993,11,06,06
1993,12,06,06
